Period,Facility_ID,County,Facility_Level,Target_Population_Pregnant,ANC_1st_Visits,ANC_4th_Visits,Deliveries_Skilled_Attendant,PNC_Visits_Within_48hrs,Fully_Immunized_Children_FIC,Error_ANC4_Exceeds_ANC1,Warning_High_PNC_Ratio,Data_Quality_Pass,Facility_Any_Flag_This_Month,Facility_Flagged_Months_YTD,ANC_Attrition_Rate_Pct,SBA_Coverage_Pct,PNC_Coverage_Pct,FIC_Coverage_Pct
2025-01-01,FAC_100,Machakos,Level 4,495,473,301,214,156,159,False,False,100,0,2,36.36363636363637,43.23232323232323,72.89719626168224,32.121212121212125
2025-01-01,FAC_101,Kilifi,Level 2,185,163,110,81,98,84,False,True,50,1,1,32.515337423312886,43.78378378378379,120.98765432098766,45.40540540540541
2025-01-01,FAC_102,Homa Bay,Level 2,207,208,102,100,120,101,False,False,100,0,1,50.96153846153846,48.309178743961354,120.0,48.792270531400966
2025-01-01,FAC_103,Kilifi,Level 2,238,248,268,157,179,154,True,False,50,1,2,-8.064516129032258,65.96638655462185,114.01273885350318,64.70588235294117
2025-01-01,FAC_104,Kilifi,Level 3,340,276,198,182,137,115,False,False,100,0,1,28.26086956521739,53.529411764705884,75.27472527472527,33.82352941176471
2025-01-01,FAC_105,Nairobi,Level 2,253,229,254,134,103,91,True,False,50,1,4,-10.91703056768559,52.96442687747036,76.86567164179104,35.96837944664031
2025-01-01,FAC_106,Homa Bay,Level 4,607,512,207,226,205,187,False,False,100,0,1,59.5703125,37.23228995057661,90.7079646017699,30.807248764415156
2025-01-01,FAC_107,Homa Bay,Level 3,458,396,160,160,163,158,False,False,100,0,2,59.59595959595959,34.93449781659388,101.875,34.49781659388647
2025-01-01,FAC_108,Homa Bay,Level 2,296,283,192,196,152,152,False,False,100,0,2,32.15547703180212,66.21621621621621,77.55102040816327,51.35135135135135
2025-01-01,FAC_109,Kilifi,Level 3,394,335,166,159,115,109,False,False,100,0,2,50.44776119402985,40.35532994923858,72.32704402515722,27.66497461928934
2025-01-01,FAC_110,Machakos,Level 2,215,190,119,98,89,92,False,False,100,0,2,37.368421052631575,45.58139534883721,90.81632653061224,42.7906976744186
2025-01-01,FAC_112,Kilifi,Level 3,427,402,241,214,181,171,False,False,100,0,0,40.049751243781095,50.11709601873536,84.57943925233646,40.04683840749414
2025-01-01,FAC_113,Nairobi,Level 4,602,592,286,288,287,257,False,False,100,0,1,51.689189189189186,47.840531561461795,99.65277777777779,42.691029900332225
2025-01-01,FAC_114,Machakos,Level 3,350,354,185,194,191,176,False,False,100,0,1,47.740112994350284,55.42857142857143,98.4536082474227,50.28571428571429
2025-01-01,FAC_115,Nairobi,Level 4,522,445,325,287,361,376,False,True,50,1,3,26.96629213483146,54.98084291187739,125.78397212543555,72.03065134099617
2025-01-01,FAC_116,Machakos,Level 2,236,230,169,186,226,228,False,True,50,1,1,26.521739130434785,78.8135593220339,121.50537634408603,96.61016949152543
2025-01-01,FAC_117,Kilifi,Level 4,513,429,248,254,309,315,False,True,50,1,2,42.19114219114219,49.512670565302145,121.65354330708662,61.40350877192983
2025-01-01,FAC_118,Turkana,Level 2,278,271,154,163,138,121,False,False,100,0,2,43.17343173431734,58.63309352517986,84.66257668711657,43.52517985611511
2025-01-01,FAC_119,Machakos,Level 2,258,254,169,181,200,171,False,False,100,0,3,33.46456692913386,70.15503875968993,110.49723756906079,66.27906976744185
2025-01-01,FAC_120,Nairobi,Level 2,179,162,110,111,99,80,False,False,100,0,1,32.098765432098766,62.01117318435754,89.1891891891892,44.6927374301676
2025-01-01,FAC_121,Kilifi,Level 4,588,481,220,206,267,260,False,True,50,1,1,54.26195426195426,35.034013605442176,129.6116504854369,44.21768707482993
2025-01-01,FAC_122,Machakos,Level 3,408,332,178,169,135,129,False,False,100,0,2,46.3855421686747,41.42156862745098,79.88165680473372,31.61764705882353
2025-01-01,FAC_123,Turkana,Level 2,274,237,252,128,135,117,True,False,50,1,4,-6.329113924050633,46.715328467153284,105.46875,42.700729927007295
2025-01-01,FAC_124,Turkana,Level 2,267,252,181,201,207,174,False,False,100,0,1,28.174603174603174,75.28089887640449,102.98507462686568,65.1685393258427
2025-01-01,FAC_125,Homa Bay,Level 3,316,282,186,204,212,172,False,False,100,0,4,34.04255319148936,64.55696202531645,103.921568627451,54.43037974683544
2025-01-01,FAC_126,Homa Bay,Level 2,273,265,155,174,182,178,False,False,100,0,3,41.509433962264154,63.73626373626373,104.59770114942528,65.2014652014652
2025-01-01,FAC_127,Nairobi,Level 2,194,167,82,91,104,85,False,False,100,0,4,50.898203592814376,46.90721649484536,114.28571428571428,43.81443298969072
2025-01-01,FAC_128,Machakos,Level 2,207,208,105,119,89,88,False,False,100,0,1,49.519230769230774,57.48792270531401,74.78991596638656,42.51207729468599
2025-01-01,FAC_129,Machakos,Level 2,251,240,163,168,216,205,False,True,50,1,3,32.083333333333336,66.93227091633466,128.57142857142858,81.67330677290838
2025-01-01,FAC_130,Homa Bay,Level 3,421,394,219,205,207,201,False,False,100,0,0,44.41624365482234,48.69358669833729,100.97560975609755,47.74346793349169
2025-01-01,FAC_131,Machakos,Level 2,206,168,69,65,53,50,False,False,100,0,1,58.92857142857143,31.55339805825243,81.53846153846153,24.271844660194176
2025-01-01,FAC_132,Machakos,Level 2,189,170,109,115,108,110,False,False,100,0,1,35.88235294117647,60.84656084656085,93.91304347826087,58.201058201058196
2025-01-01,FAC_133,Turkana,Level 2,254,255,132,113,116,108,False,False,100,0,2,48.23529411764706,44.48818897637795,102.65486725663717,42.51968503937008
2025-01-01,FAC_134,Homa Bay,Level 2,226,198,85,89,101,74,False,False,100,0,2,57.07070707070707,39.38053097345133,113.48314606741575,32.743362831858406
2025-01-01,FAC_135,Kilifi,Level 2,144,136,101,113,95,94,False,False,100,0,3,25.735294117647058,78.47222222222221,84.070796460177,65.27777777777779
2025-01-01,FAC_136,Homa Bay,Level 2,195,162,103,110,79,80,False,False,100,0,3,36.41975308641975,56.41025641025641,71.81818181818181,41.02564102564102
2025-01-01,FAC_137,Kilifi,Level 2,284,240,143,125,127,109,False,False,100,0,2,40.416666666666664,44.014084507042256,101.6,38.38028169014084
2025-01-01,FAC_138,Turkana,Level 2,283,260,157,159,167,157,False,False,100,0,1,39.61538461538461,56.18374558303887,105.0314465408805,55.47703180212014
2025-01-01,FAC_139,Nairobi,Level 2,219,188,107,120,84,71,False,False,100,0,2,43.08510638297872,54.794520547945204,70.0,32.42009132420091
2025-01-01,FAC_140,Machakos,Level 2,260,260,109,94,66,64,False,False,100,0,2,58.07692307692308,36.15384615384615,70.2127659574468,24.615384615384617
2025-01-01,FAC_141,Turkana,Level 2,194,155,114,121,144,141,False,False,100,0,2,26.451612903225808,62.371134020618555,119.00826446280992,72.68041237113401
2025-01-01,FAC_142,Machakos,Level 2,257,267,173,185,188,183,False,False,100,0,2,35.2059925093633,71.98443579766537,101.62162162162163,71.20622568093385
2025-01-01,FAC_143,Nairobi,Level 4,613,539,327,322,331,310,False,False,100,0,2,39.332096474953616,52.52854812398042,102.79503105590062,50.57096247960848
2025-01-01,FAC_144,Nairobi,Level 3,426,341,150,154,181,149,False,False,100,0,3,56.01173020527859,36.15023474178404,117.53246753246754,34.97652582159624
2025-01-01,FAC_145,Turkana,Level 3,441,462,217,244,276,224,False,False,100,0,2,53.03030303030303,55.32879818594104,113.11475409836065,50.79365079365079
2025-01-01,FAC_146,Nairobi,Level 2,249,250,116,120,149,130,False,True,50,1,2,53.6,48.19277108433735,124.16666666666667,52.208835341365464
2025-01-01,FAC_147,Kilifi,Level 4,608,623,385,377,394,350,False,False,100,0,2,38.20224719101123,62.00657894736842,104.50928381962865,57.56578947368421
2025-01-01,FAC_148,Nairobi,Level 3,433,405,223,238,265,223,False,False,100,0,2,44.93827160493827,54.96535796766744,111.34453781512606,51.50115473441108
2025-01-01,FAC_149,Machakos,Level 2,202,211,139,150,117,99,False,False,100,0,4,34.12322274881517,74.25742574257426,78.0,49.00990099009901
2025-01-01,FAC_150,Machakos,Level 4,554,517,275,283,283,264,False,False,100,0,5,46.808510638297875,51.08303249097473,100.0,47.65342960288809
2025-01-01,FAC_151,Machakos,Level 2,240,227,135,139,166,172,False,False,100,0,3,40.52863436123348,57.91666666666667,119.42446043165467,71.66666666666667
2025-01-01,FAC_152,Machakos,Level 2,186,177,127,111,94,92,False,False,100,0,3,28.24858757062147,59.67741935483871,84.68468468468468,49.46236559139785
2025-01-01,FAC_153,Kilifi,Level 2,301,242,151,145,107,87,False,False,100,0,3,37.60330578512397,48.17275747508305,73.79310344827587,28.903654485049834
2025-01-01,FAC_154,Homa Bay,Level 3,345,296,135,148,133,116,False,False,100,0,0,54.391891891891895,42.89855072463768,89.86486486486487,33.6231884057971
2025-01-01,FAC_155,Turkana,Level 2,284,241,162,143,135,137,False,False,100,0,0,32.780082987551864,50.352112676056336,94.4055944055944,48.23943661971831
2025-01-01,FAC_156,Machakos,Level 2,301,284,119,107,111,93,False,False,100,0,4,58.098591549295776,35.548172757475086,103.73831775700934,30.89700996677741
2025-01-01,FAC_157,Nairobi,Level 3,301,257,121,138,134,125,False,False,100,0,2,52.918287937743195,45.84717607973422,97.10144927536231,41.52823920265781
2025-01-01,FAC_158,Machakos,Level 2,290,254,136,148,134,122,False,False,100,0,4,46.45669291338583,51.03448275862069,90.54054054054053,42.06896551724138
2025-01-01,FAC_159,Nairobi,Level 3,433,378,245,247,244,225,False,False,100,0,1,35.18518518518518,57.04387990762124,98.78542510121457,51.96304849884527
2025-01-01,FAC_160,Nairobi,Level 4,481,475,235,236,278,290,False,False,100,0,0,50.526315789473685,49.064449064449065,117.79661016949152,60.2910602910603
2025-01-01,FAC_161,Machakos,Level 3,417,360,168,172,155,146,False,False,100,0,1,53.333333333333336,41.247002398081534,90.11627906976744,35.011990407673856
2025-01-01,FAC_162,Kilifi,Level 2,260,272,166,189,239,199,False,True,50,1,3,38.970588235294116,72.6923076923077,126.45502645502647,76.53846153846153
2025-01-01,FAC_163,Nairobi,Level 3,416,409,285,317,344,335,False,False,100,0,3,30.317848410757946,76.20192307692307,108.5173501577287,80.52884615384616
2025-01-01,FAC_164,Nairobi,Level 2,256,228,93,88,102,90,False,False,100,0,1,59.210526315789465,34.375,115.90909090909092,35.15625
2025-01-01,FAC_166,Nairobi,Level 2,222,209,155,140,138,128,False,False,100,0,3,25.837320574162682,63.06306306306306,98.57142857142858,57.65765765765766
2025-01-01,FAC_167,Nairobi,Level 2,210,201,110,123,137,132,False,False,100,0,1,45.27363184079602,58.57142857142858,111.3821138211382,62.857142857142854
2025-01-01,FAC_168,Machakos,Level 2,169,138,74,78,59,49,False,False,100,0,1,46.3768115942029,46.15384615384615,75.64102564102564,28.994082840236686
2025-01-01,FAC_169,Machakos,Level 2,270,258,147,161,151,149,False,False,100,0,2,43.02325581395349,59.62962962962963,93.7888198757764,55.18518518518518
2025-01-01,FAC_170,Turkana,Level 3,429,352,235,258,248,255,False,False,100,0,3,33.23863636363637,60.13986013986013,96.12403100775194,59.44055944055944
2025-01-01,FAC_171,Kilifi,Level 2,261,271,121,112,114,95,False,False,100,0,1,55.35055350553506,42.911877394636015,101.78571428571428,36.39846743295019
2025-01-01,FAC_172,Kilifi,Level 3,309,295,166,158,149,145,False,False,100,0,3,43.728813559322035,51.1326860841424,94.30379746835443,46.92556634304207
2025-01-01,FAC_173,Nairobi,Level 2,179,143,148,99,117,121,True,False,50,1,1,-3.4965034965034967,55.3072625698324,118.18181818181819,67.59776536312849
2025-01-01,FAC_174,Kilifi,Level 4,479,497,330,355,402,385,False,False,100,0,1,33.601609657947684,74.11273486430062,113.23943661971832,80.3757828810021
2025-01-01,FAC_175,Nairobi,Level 4,485,394,438,286,295,270,True,False,50,1,5,-11.16751269035533,58.96907216494846,103.14685314685315,55.670103092783506
2025-01-01,FAC_176,Turkana,Level 2,164,135,73,78,57,52,False,False,100,0,2,45.925925925925924,47.5609756097561,73.07692307692307,31.70731707317073
2025-01-01,FAC_177,Machakos,Level 2,174,163,92,92,88,79,False,False,100,0,1,43.558282208588956,52.87356321839081,95.65217391304348,45.40229885057471
2025-01-01,FAC_178,Machakos,Level 3,365,359,208,231,190,200,False,False,100,0,2,42.061281337047355,63.287671232876704,82.25108225108225,54.794520547945204
2025-01-01,FAC_179,Machakos,Level 2,151,156,160,57,41,37,True,False,50,1,2,-2.564102564102564,37.74834437086093,71.9298245614035,24.503311258278146
2025-01-01,FAC_180,Kilifi,Level 2,189,167,97,82,80,69,False,False,100,0,2,41.91616766467065,43.386243386243386,97.5609756097561,36.507936507936506
2025-01-01,FAC_181,Turkana,Level 2,190,195,81,78,60,62,False,False,100,0,3,58.46153846153847,41.05263157894737,76.92307692307693,32.631578947368425
2025-01-01,FAC_182,Kilifi,Level 4,574,586,357,409,468,382,False,False,100,0,2,39.07849829351536,71.25435540069687,114.42542787286062,66.55052264808361
2025-01-01,FAC_183,Kilifi,Level 3,347,288,119,102,129,129,False,True,50,1,3,58.68055555555556,29.394812680115272,126.47058823529412,37.17579250720461
2025-01-01,FAC_184,Turkana,Level 4,495,469,273,274,272,285,False,False,100,0,2,41.7910447761194,55.35353535353536,99.27007299270073,57.57575757575758
2025-01-01,FAC_185,Turkana,Level 4,561,453,323,318,297,257,False,False,100,0,2,28.697571743929362,56.68449197860963,93.39622641509435,45.811051693404636
2025-01-01,FAC_186,Turkana,Level 4,538,474,344,321,273,218,False,False,100,0,3,27.42616033755274,59.66542750929368,85.04672897196261,40.520446096654275
2025-01-01,FAC_187,Turkana,Level 2,225,186,132,114,140,130,False,True,50,1,3,29.03225806451613,50.66666666666667,122.80701754385966,57.77777777777777
2025-01-01,FAC_188,Machakos,Level 2,174,176,115,127,107,89,False,False,100,0,2,34.659090909090914,72.98850574712644,84.25196850393701,51.14942528735632
2025-01-01,FAC_189,Homa Bay,Level 2,211,174,112,124,101,144,False,False,100,0,1,35.63218390804598,58.767772511848335,81.45161290322581,68.24644549763033
2025-01-01,FAC_190,Homa Bay,Level 3,392,402,160,172,147,124,False,False,100,0,4,60.19900497512438,43.87755102040816,85.46511627906976,31.63265306122449
2025-01-01,FAC_191,Turkana,Level 2,252,225,90,79,68,54,False,False,100,0,2,60.0,31.349206349206348,86.07594936708861,21.428571428571427
2025-01-01,FAC_192,Homa Bay,Level 3,372,367,248,268,339,285,False,True,50,1,3,32.42506811989101,72.04301075268818,126.49253731343283,76.61290322580645
2025-01-01,FAC_193,Homa Bay,Level 2,263,215,150,157,151,145,False,False,100,0,0,30.23255813953488,59.6958174904943,96.17834394904459,55.13307984790875
2025-01-01,FAC_194,Turkana,Level 2,287,256,175,148,117,107,False,False,100,0,3,31.640625,51.56794425087108,79.05405405405406,37.282229965156795
2025-01-01,FAC_195,Homa Bay,Level 2,253,254,128,138,115,95,False,False,100,0,1,49.60629921259843,54.54545454545454,83.33333333333334,37.54940711462451
2025-01-01,FAC_196,Kilifi,Level 3,349,358,250,269,259,227,False,False,100,0,3,30.16759776536313,77.07736389684814,96.28252788104089,65.0429799426934
2025-01-01,FAC_197,Nairobi,Level 3,327,332,215,213,218,183,False,False,100,0,1,35.24096385542169,65.13761467889908,102.34741784037557,55.96330275229357
2025-01-01,FAC_198,Nairobi,Level 2,174,162,65,60,74,77,False,True,50,1,4,59.876543209876544,34.48275862068966,123.33333333333334,44.252873563218394
2025-01-01,FAC_199,Turkana,Level 3,315,299,145,133,105,101,False,False,100,0,6,51.50501672240802,42.22222222222222,78.94736842105263,32.06349206349206
2025-02-01,FAC_100,Machakos,Level 4,546,457,257,248,318,311,False,True,50,1,2,43.7636761487965,45.42124542124542,128.2258064516129,56.959706959706956
2025-02-01,FAC_101,Kilifi,Level 2,189,185,122,107,111,89,False,False,100,0,1,34.054054054054056,56.613756613756614,103.73831775700934,47.08994708994709
2025-02-01,FAC_102,Homa Bay,Level 2,216,223,94,104,77,77,False,False,100,0,1,57.847533632286996,48.148148148148145,74.03846153846155,35.648148148148145
2025-02-01,FAC_104,Kilifi,Level 3,340,341,141,160,123,125,False,False,100,0,1,58.65102639296188,47.05882352941176,76.875,36.76470588235294
2025-02-01,FAC_105,Nairobi,Level 2,244,252,184,199,212,195,False,False,100,0,4,26.984126984126984,81.55737704918032,106.53266331658291,79.91803278688525
2025-02-01,FAC_106,Homa Bay,Level 4,596,548,227,222,251,238,False,False,100,0,1,58.57664233576643,37.24832214765101,113.06306306306307,39.93288590604027
2025-02-01,FAC_107,Homa Bay,Level 3,433,397,186,256,185,155,False,False,100,0,2,53.14861460957179,59.122401847575055,72.265625,35.79676674364896
2025-02-01,FAC_108,Homa Bay,Level 2,287,264,113,103,97,82,False,False,100,0,2,57.1969696969697,35.88850174216028,94.1747572815534,28.57142857142857
2025-02-01,FAC_110,Machakos,Level 2,219,209,137,137,112,129,False,False,100,0,2,34.44976076555024,62.55707762557078,81.75182481751825,58.9041095890411
2025-02-01,FAC_111,Homa Bay,Level 4,506,480,325,372,323,287,False,False,100,0,4,32.29166666666667,73.51778656126481,86.82795698924731,56.7193675889328
2025-02-01,FAC_112,Kilifi,Level 3,419,416,225,233,215,199,False,False,100,0,0,45.91346153846153,55.60859188544153,92.27467811158799,47.49403341288782
2025-02-01,FAC_113,Nairobi,Level 4,568,511,310,325,246,236,False,False,100,0,1,39.33463796477495,57.21830985915493,75.6923076923077,41.54929577464789
2025-02-01,FAC_114,Machakos,Level 3,318,301,183,168,141,143,False,False,100,0,1,39.202657807308974,52.83018867924528,83.92857142857143,44.9685534591195
2025-02-01,FAC_115,Nairobi,Level 4,528,441,245,277,235,209,False,False,100,0,3,44.44444444444444,52.46212121212122,84.83754512635379,39.58333333333333
2025-02-01,FAC_116,Machakos,Level 2,235,233,119,166,171,159,False,False,100,0,1,48.927038626609445,70.63829787234043,103.01204819277108,67.65957446808511
2025-02-01,FAC_117,Kilifi,Level 4,480,390,243,219,164,135,False,False,100,0,2,37.69230769230769,45.625,74.88584474885845,28.125
2025-02-01,FAC_118,Turkana,Level 2,282,273,110,125,131,113,False,False,100,0,2,59.70695970695971,44.32624113475177,104.80000000000001,40.0709219858156
2025-02-01,FAC_119,Machakos,Level 2,247,205,92,98,78,66,False,False,100,0,3,55.1219512195122,39.67611336032389,79.59183673469387,26.720647773279353
2025-02-01,FAC_120,Nairobi,Level 2,187,161,101,97,68,58,False,False,100,0,1,37.267080745341616,51.87165775401069,70.10309278350515,31.016042780748666
2025-02-01,FAC_121,Kilifi,Level 4,554,553,399,451,539,521,False,False,100,0,1,27.848101265822784,81.40794223826715,119.51219512195121,94.04332129963899
2025-02-01,FAC_122,Machakos,Level 3,395,347,244,262,197,171,False,False,100,0,2,29.68299711815562,66.32911392405063,75.19083969465649,43.291139240506325
2025-02-01,FAC_123,Turkana,Level 2,289,262,187,176,214,191,False,True,50,1,4,28.62595419847328,60.89965397923876,121.59090909090908,66.08996539792388
2025-02-01,FAC_124,Turkana,Level 2,273,260,155,157,114,155,False,False,100,0,1,40.38461538461539,57.509157509157504,72.61146496815286,56.776556776556774
2025-02-01,FAC_125,Homa Bay,Level 3,291,279,185,187,237,239,False,True,50,1,4,33.691756272401435,64.26116838487972,126.7379679144385,82.13058419243985
2025-02-01,FAC_126,Homa Bay,Level 2,275,256,124,120,123,121,False,False,100,0,3,51.5625,43.63636363636363,102.49999999999999,44.0
2025-02-01,FAC_127,Nairobi,Level 2,198,202,85,88,81,68,False,False,100,0,4,57.920792079207914,44.44444444444444,92.04545454545455,34.34343434343434
2025-02-01,FAC_128,Machakos,Level 2,210,195,123,124,130,106,False,False,100,0,1,36.92307692307693,59.04761904761905,104.83870967741935,50.476190476190474
2025-02-01,FAC_130,Homa Bay,Level 3,412,342,239,216,189,188,False,False,100,0,0,30.116959064327485,52.42718446601942,87.5,45.63106796116505
2025-02-01,FAC_131,Machakos,Level 2,192,192,101,89,62,59,False,False,100,0,1,47.39583333333333,46.35416666666667,69.66292134831461,30.729166666666668
2025-02-01,FAC_132,Machakos,Level 2,190,160,84,90,93,80,False,False,100,0,1,47.5,47.368421052631575,103.33333333333334,42.10526315789473
2025-02-01,FAC_133,Turkana,Level 2,266,266,177,172,136,116,False,False,100,0,2,33.45864661654135,64.66165413533834,79.06976744186046,43.609022556390975
2025-02-01,FAC_134,Homa Bay,Level 2,222,194,93,96,81,77,False,False,100,0,2,52.0618556701031,43.24324324324324,84.375,34.68468468468468
2025-02-01,FAC_135,Kilifi,Level 2,152,147,81,86,61,54,False,False,100,0,3,44.89795918367347,56.57894736842105,70.93023255813954,35.526315789473685
2025-02-01,FAC_136,Homa Bay,Level 2,211,209,102,104,97,86,False,False,100,0,3,51.196172248803826,49.28909952606635,93.26923076923077,40.758293838862556
2025-02-01,FAC_137,Kilifi,Level 2,287,277,117,108,114,110,False,False,100,0,2,57.761732851985556,37.63066202090592,105.55555555555556,38.32752613240418
2025-02-01,FAC_138,Turkana,Level 2,266,237,124,122,109,103,False,False,100,0,1,47.67932489451477,45.86466165413533,89.34426229508196,38.721804511278194
2025-02-01,FAC_139,Nairobi,Level 2,222,187,101,110,77,67,False,False,100,0,2,45.98930481283423,49.549549549549546,70.0,30.180180180180184
2025-02-01,FAC_140,Machakos,Level 2,261,272,110,118,99,95,False,False,100,0,2,59.55882352941176,45.21072796934866,83.89830508474576,36.39846743295019
2025-02-01,FAC_141,Turkana,Level 2,193,183,105,91,70,59,False,False,100,0,2,42.62295081967213,47.15025906735752,76.92307692307693,30.569948186528496
2025-02-01,FAC_142,Machakos,Level 2,258,239,164,185,226,189,False,True,50,1,2,31.380753138075313,71.70542635658916,122.16216216216216,73.25581395348837
2025-02-01,FAC_143,Nairobi,Level 4,581,537,289,300,331,308,False,False,100,0,2,46.18249534450652,51.63511187607573,110.33333333333333,53.01204819277109
2025-02-01,FAC_144,Nairobi,Level 3,457,402,164,150,191,180,False,True,50,1,3,59.20398009950249,32.822757111597376,127.33333333333334,39.38730853391685
2025-02-01,FAC_145,Turkana,Level 3,415,394,176,193,171,177,False,False,100,0,2,55.32994923857868,46.50602409638554,88.60103626943005,42.65060240963855
2025-02-01,FAC_146,Nairobi,Level 2,241,223,107,115,88,83,False,False,100,0,2,52.01793721973094,47.71784232365145,76.52173913043478,34.439834024896264
2025-02-01,FAC_147,Kilifi,Level 4,616,492,199,190,177,166,False,False,100,0,2,59.552845528455286,30.844155844155846,93.15789473684211,26.948051948051948
2025-02-01,FAC_148,Nairobi,Level 3,457,436,219,197,146,145,False,False,100,0,2,49.77064220183486,43.10722100656455,74.11167512690355,31.72866520787746
2025-02-01,FAC_149,Machakos,Level 2,203,194,93,85,68,65,False,False,100,0,4,52.0618556701031,41.87192118226601,80.0,32.01970443349754
2025-02-01,FAC_150,Machakos,Level 4,571,550,288,286,230,206,False,False,100,0,5,47.63636363636364,50.0875656742557,80.41958041958041,36.077057793345006
2025-02-01,FAC_151,Machakos,Level 2,250,249,150,136,145,127,False,False,100,0,3,39.75903614457831,54.400000000000006,106.61764705882352,50.8
2025-02-01,FAC_152,Machakos,Level 2,182,147,77,80,79,68,False,False,100,0,3,47.61904761904761,43.956043956043956,98.75,37.362637362637365
2025-02-01,FAC_153,Kilifi,Level 2,285,274,187,207,193,200,False,False,100,0,3,31.751824817518248,72.63157894736842,93.23671497584542,70.17543859649122
2025-02-01,FAC_154,Homa Bay,Level 3,374,374,159,179,152,151,False,False,100,0,0,57.48663101604278,47.860962566844925,84.91620111731844,40.37433155080214
2025-02-01,FAC_155,Turkana,Level 2,276,236,167,186,141,147,False,False,100,0,0,29.23728813559322,67.3913043478261,75.80645161290323,53.2608695652174
2025-02-01,FAC_156,Machakos,Level 2,296,285,194,166,166,148,False,False,100,0,4,31.929824561403507,56.08108108108109,100.0,50.0
2025-02-01,FAC_158,Machakos,Level 2,304,270,146,160,118,106,False,False,100,0,4,45.925925925925924,52.63157894736842,73.75,34.868421052631575
2025-02-01,FAC_159,Nairobi,Level 3,442,378,280,238,203,175,False,False,100,0,1,25.925925925925924,53.84615384615385,85.29411764705883,39.59276018099548
2025-02-01,FAC_160,Nairobi,Level 4,522,459,203,179,177,182,False,False,100,0,0,55.773420479302835,34.2911877394636,98.88268156424581,34.86590038314176
2025-02-01,FAC_161,Machakos,Level 3,396,327,199,191,196,175,False,False,100,0,1,39.14373088685015,48.23232323232323,102.61780104712042,44.19191919191919
2025-02-01,FAC_162,Kilifi,Level 2,257,237,95,99,88,89,False,False,100,0,3,59.91561181434599,38.52140077821012,88.88888888888889,34.63035019455253
2025-02-01,FAC_163,Nairobi,Level 3,399,416,275,248,181,159,False,False,100,0,3,33.894230769230774,62.15538847117794,72.98387096774194,39.849624060150376
2025-02-01,FAC_164,Nairobi,Level 2,253,209,133,151,149,124,False,False,100,0,1,36.36363636363637,59.683794466403164,98.67549668874173,49.01185770750988
2025-02-01,FAC_165,Machakos,Level 4,609,580,253,222,232,236,False,False,100,0,0,56.37931034482758,36.45320197044335,104.5045045045045,38.752052545156
2025-02-01,FAC_166,Nairobi,Level 2,238,234,165,149,182,175,False,True,50,1,3,29.48717948717949,62.60504201680672,122.14765100671141,73.52941176470588
2025-02-01,FAC_167,Nairobi,Level 2,219,212,112,112,104,136,False,False,100,0,1,47.16981132075472,51.141552511415526,92.85714285714286,62.10045662100456
2025-02-01,FAC_168,Machakos,Level 2,174,168,111,110,110,91,False,False,100,0,1,33.92857142857143,63.2183908045977,100.0,52.29885057471264
2025-02-01,FAC_169,Machakos,Level 2,269,224,234,121,96,81,True,False,50,1,2,-4.464285714285714,44.98141263940521,79.33884297520662,30.111524163568777
2025-02-01,FAC_170,Turkana,Level 3,444,435,189,200,146,134,False,False,100,0,3,56.55172413793104,45.04504504504504,73.0,30.180180180180184
2025-02-01,FAC_171,Kilifi,Level 2,259,248,112,120,154,131,False,True,50,1,1,54.83870967741935,46.33204633204633,128.33333333333334,50.57915057915058
2025-02-01,FAC_172,Kilifi,Level 3,308,303,146,126,148,146,False,False,100,0,3,51.81518151815182,40.909090909090914,117.46031746031747,47.4025974025974
2025-02-01,FAC_173,Nairobi,Level 2,189,174,80,91,104,102,False,False,100,0,1,54.02298850574713,48.148148148148145,114.28571428571428,53.96825396825397
2025-02-01,FAC_174,Kilifi,Level 4,523,440,283,290,324,334,False,False,100,0,1,35.68181818181818,55.44933078393881,111.72413793103448,63.862332695984705
2025-02-01,FAC_175,Nairobi,Level 4,462,413,231,226,285,278,False,True,50,1,5,44.06779661016949,48.917748917748916,126.1061946902655,60.17316017316018
2025-02-01,FAC_176,Turkana,Level 2,176,175,184,62,114,59,True,True,0,1,2,-5.142857142857142,35.22727272727273,183.8709677419355,33.52272727272727
2025-02-01,FAC_177,Machakos,Level 2,168,135,67,72,92,82,False,True,50,1,1,50.37037037037037,42.857142857142854,127.77777777777777,48.80952380952381
2025-02-01,FAC_178,Machakos,Level 3,347,351,146,148,134,117,False,False,100,0,2,58.4045584045584,42.65129682997118,90.54054054054053,33.71757925072046
2025-02-01,FAC_179,Machakos,Level 2,156,146,64,61,72,71,False,False,100,0,2,56.16438356164384,39.1025641025641,118.0327868852459,45.51282051282051
2025-02-01,FAC_181,Turkana,Level 2,199,168,124,98,125,105,False,True,50,1,3,26.190476190476193,49.246231155778894,127.55102040816327,52.76381909547738
2025-02-01,FAC_182,Kilifi,Level 4,525,509,300,275,259,242,False,False,100,0,2,41.06090373280943,52.38095238095239,94.18181818181817,46.095238095238095
2025-02-01,FAC_183,Kilifi,Level 3,326,329,180,188,155,127,False,False,100,0,3,45.2887537993921,57.668711656441715,82.4468085106383,38.95705521472393
2025-02-01,FAC_184,Turkana,Level 4,484,482,211,241,283,261,False,False,100,0,2,56.22406639004149,49.79338842975206,117.42738589211619,53.925619834710744
2025-02-01,FAC_185,Turkana,Level 4,562,555,225,235,187,161,False,False,100,0,2,59.45945945945946,41.81494661921708,79.57446808510639,28.647686832740217
2025-02-01,FAC_186,Turkana,Level 4,568,532,230,214,199,198,False,False,100,0,3,56.766917293233085,37.67605633802817,92.99065420560748,34.859154929577464
2025-02-01,FAC_187,Turkana,Level 2,207,188,88,77,70,69,False,False,100,0,3,53.191489361702125,37.19806763285024,90.9090909090909,33.33333333333333
2025-02-01,FAC_188,Machakos,Level 2,168,172,100,101,80,76,False,False,100,0,2,41.86046511627907,60.11904761904761,79.20792079207921,45.23809523809524
2025-02-01,FAC_189,Homa Bay,Level 2,203,192,79,84,100,87,False,False,100,0,1,58.854166666666664,41.37931034482759,119.04761904761905,42.857142857142854
2025-02-01,FAC_190,Homa Bay,Level 3,387,381,195,194,150,147,False,False,100,0,4,48.818897637795274,50.129198966408275,77.31958762886599,37.98449612403101
2025-02-01,FAC_192,Homa Bay,Level 3,370,359,413,141,130,135,True,False,50,1,3,-15.041782729805014,38.108108108108105,92.19858156028369,36.486486486486484
2025-02-01,FAC_193,Homa Bay,Level 2,265,262,195,203,180,155,False,False,100,0,0,25.572519083969464,76.60377358490567,88.66995073891626,58.490566037735846
2025-02-01,FAC_194,Turkana,Level 2,271,224,96,93,115,113,False,True,50,1,3,57.14285714285714,34.31734317343174,123.65591397849462,41.69741697416974
2025-02-01,FAC_195,Homa Bay,Level 2,254,250,170,157,112,110,False,False,100,0,1,32.0,61.811023622047244,71.3375796178344,43.30708661417323
2025-02-01,FAC_196,Kilifi,Level 3,348,292,183,159,118,104,False,False,100,0,3,37.32876712328767,45.689655172413794,74.21383647798741,29.88505747126437
2025-02-01,FAC_197,Nairobi,Level 3,323,320,173,193,162,162,False,False,100,0,1,45.9375,59.75232198142415,83.93782383419689,50.15479876160991
2025-02-01,FAC_198,Nairobi,Level 2,181,144,66,63,52,46,False,False,100,0,4,54.166666666666664,34.806629834254146,82.53968253968253,25.41436464088398
2025-02-01,FAC_199,Turkana,Level 3,311,250,293,120,134,139,True,False,50,1,6,-17.2,38.58520900321543,111.66666666666667,44.69453376205787
2025-03-01,FAC_100,Machakos,Level 4,546,521,310,313,338,308,False,False,100,0,2,40.49904030710173,57.32600732600732,107.98722044728434,56.41025641025641
2025-03-01,FAC_101,Kilifi,Level 2,177,143,85,93,69,59,False,False,100,0,1,40.55944055944056,52.54237288135594,74.19354838709677,33.33333333333333
2025-03-01,FAC_102,Homa Bay,Level 2,218,222,114,130,139,129,False,False,100,0,1,48.64864864864865,59.63302752293578,106.92307692307692,59.174311926605505
2025-03-01,FAC_103,Kilifi,Level 2,242,241,144,133,110,101,False,False,100,0,2,40.24896265560166,54.958677685950406,82.70676691729322,41.735537190082646
2025-03-01,FAC_104,Kilifi,Level 3,346,282,318,181,225,206,True,True,0,1,1,-12.76595744680851,52.312138728323696,124.30939226519338,59.53757225433526
2025-03-01,FAC_105,Nairobi,Level 2,241,249,138,143,158,131,False,False,100,0,4,44.57831325301205,59.33609958506224,110.48951048951048,54.356846473029044
2025-03-01,FAC_107,Homa Bay,Level 3,430,394,186,284,350,280,False,True,50,1,2,52.79187817258884,66.04651162790698,123.2394366197183,65.11627906976744
2025-03-01,FAC_108,Homa Bay,Level 2,278,255,142,147,144,131,False,False,100,0,2,44.31372549019608,52.87769784172662,97.95918367346938,47.122302158273385
2025-03-01,FAC_109,Kilifi,Level 3,402,326,225,210,205,186,False,False,100,0,2,30.981595092024538,52.23880597014925,97.61904761904762,46.26865671641791
2025-03-01,FAC_110,Machakos,Level 2,207,207,119,103,126,118,False,True,50,1,2,42.51207729468599,49.75845410628019,122.33009708737863,57.00483091787439
2025-03-01,FAC_111,Homa Bay,Level 4,498,514,235,251,308,298,False,True,50,1,4,54.280155642023345,50.401606425702816,122.70916334661355,59.83935742971887
2025-03-01,FAC_112,Kilifi,Level 3,440,456,176,252,284,286,False,False,100,0,0,61.40350877192983,57.27272727272727,112.6984126984127,65.0
2025-03-01,FAC_113,Nairobi,Level 4,601,601,379,389,400,410,False,False,100,0,1,36.938435940099836,64.72545757071548,102.82776349614396,68.21963394342761
2025-03-01,FAC_114,Machakos,Level 3,332,319,199,204,204,170,False,False,100,0,1,37.61755485893417,61.44578313253012,100.0,51.204819277108435
2025-03-01,FAC_115,Nairobi,Level 4,527,519,303,347,413,402,False,False,100,0,3,41.61849710982659,65.84440227703985,119.02017291066282,76.280834914611
2025-03-01,FAC_116,Machakos,Level 2,232,238,162,160,190,155,False,False,100,0,1,31.932773109243694,68.96551724137932,118.75,66.8103448275862
2025-03-01,FAC_117,Kilifi,Level 4,473,442,310,284,264,240,False,False,100,0,2,29.86425339366516,60.04228329809725,92.95774647887323,50.7399577167019
2025-03-01,FAC_118,Turkana,Level 2,294,236,255,124,124,104,True,False,50,1,2,-8.050847457627118,42.17687074829932,100.0,35.374149659863946
2025-03-01,FAC_119,Machakos,Level 2,268,237,137,116,108,107,False,False,100,0,3,42.19409282700422,43.28358208955223,93.10344827586206,39.92537313432835
2025-03-01,FAC_120,Nairobi,Level 2,179,180,108,95,76,79,False,False,100,0,1,40.0,53.072625698324025,80.0,44.134078212290504
2025-03-01,FAC_121,Kilifi,Level 4,555,457,216,210,196,172,False,False,100,0,1,52.735229759299784,37.83783783783784,93.33333333333333,30.99099099099099
2025-03-01,FAC_122,Machakos,Level 3,404,360,191,187,242,226,False,True,50,1,2,46.94444444444444,46.28712871287129,129.41176470588235,55.940594059405946
2025-03-01,FAC_123,Turkana,Level 2,264,275,184,182,185,155,False,False,100,0,4,33.09090909090909,68.93939393939394,101.64835164835165,58.71212121212122
2025-03-01,FAC_124,Turkana,Level 2,278,271,125,131,110,110,False,False,100,0,1,53.874538745387454,47.122302158273385,83.96946564885496,39.568345323741006
2025-03-01,FAC_125,Homa Bay,Level 3,317,265,181,196,223,195,False,False,100,0,4,31.69811320754717,61.82965299684543,113.77551020408163,61.51419558359621
2025-03-01,FAC_126,Homa Bay,Level 2,292,244,170,190,148,140,False,False,100,0,3,30.327868852459016,65.06849315068493,77.89473684210526,47.94520547945205
2025-03-01,FAC_127,Nairobi,Level 2,190,187,211,108,77,80,True,False,50,1,4,-12.834224598930483,56.84210526315789,71.29629629629629,42.10526315789473
2025-03-01,FAC_128,Machakos,Level 2,213,196,99,99,102,92,False,False,100,0,1,49.48979591836735,46.478873239436616,103.03030303030303,43.1924882629108
2025-03-01,FAC_129,Machakos,Level 2,250,255,142,146,154,154,False,False,100,0,3,44.31372549019608,58.4,105.47945205479452,61.6
2025-03-01,FAC_130,Homa Bay,Level 3,391,375,189,178,151,121,False,False,100,0,0,49.6,45.52429667519181,84.8314606741573,30.946291560102303
2025-03-01,FAC_131,Machakos,Level 2,206,212,87,87,93,89,False,False,100,0,1,58.9622641509434,42.23300970873786,106.89655172413792,43.203883495145625
2025-03-01,FAC_132,Machakos,Level 2,188,187,119,159,119,95,False,False,100,0,1,36.36363636363637,84.57446808510637,74.84276729559748,50.53191489361703
2025-03-01,FAC_133,Turkana,Level 2,250,200,145,158,194,189,False,True,50,1,2,27.500000000000004,63.2,122.78481012658229,75.6
2025-03-01,FAC_134,Homa Bay,Level 2,224,217,88,89,101,90,False,False,100,0,2,59.44700460829493,39.732142857142854,113.48314606741575,40.17857142857143
2025-03-01,FAC_135,Kilifi,Level 2,156,151,66,60,59,49,False,False,100,0,3,56.29139072847682,38.46153846153847,98.33333333333333,31.41025641025641
2025-03-01,FAC_136,Homa Bay,Level 2,210,189,94,87,62,58,False,False,100,0,3,50.264550264550266,41.42857142857143,71.26436781609196,27.61904761904762
2025-03-01,FAC_137,Kilifi,Level 2,265,226,123,111,125,127,False,False,100,0,2,45.57522123893805,41.88679245283019,112.61261261261262,47.924528301886795
2025-03-01,FAC_138,Turkana,Level 2,282,262,147,138,120,112,False,False,100,0,1,43.89312977099237,48.93617021276596,86.95652173913044,39.71631205673759
2025-03-01,FAC_139,Nairobi,Level 2,214,179,126,134,115,103,False,False,100,0,2,29.608938547486037,62.616822429906534,85.82089552238806,48.13084112149533
2025-03-01,FAC_140,Machakos,Level 2,277,262,186,184,166,171,False,False,100,0,2,29.00763358778626,66.4259927797834,90.21739130434783,61.73285198555957
2025-03-01,FAC_141,Turkana,Level 2,180,169,118,132,167,151,False,True,50,1,2,30.17751479289941,73.33333333333333,126.51515151515152,83.88888888888889
2025-03-01,FAC_142,Machakos,Level 2,254,205,122,134,148,123,False,False,100,0,2,40.487804878048784,52.75590551181102,110.44776119402985,48.4251968503937
2025-03-01,FAC_143,Nairobi,Level 4,574,477,303,281,276,264,False,False,100,0,2,36.477987421383645,48.954703832752614,98.22064056939502,45.99303135888502
2025-03-01,FAC_144,Nairobi,Level 3,437,444,251,261,303,242,False,False,100,0,3,43.468468468468465,59.7254004576659,116.0919540229885,55.37757437070938
2025-03-01,FAC_145,Turkana,Level 3,419,410,217,232,252,251,False,False,100,0,2,47.073170731707314,55.36992840095465,108.62068965517241,59.90453460620525
2025-03-01,FAC_146,Nairobi,Level 2,252,209,137,118,130,119,False,False,100,0,2,34.44976076555024,46.82539682539682,110.16949152542372,47.22222222222222
2025-03-01,FAC_147,Kilifi,Level 4,605,608,409,359,399,343,False,False,100,0,2,32.73026315789473,59.33884297520661,111.14206128133705,56.69421487603306
2025-03-01,FAC_148,Nairobi,Level 3,466,376,247,277,238,233,False,False,100,0,2,34.308510638297875,59.442060085836914,85.92057761732852,50.0
2025-03-01,FAC_149,Machakos,Level 2,206,188,92,81,98,92,False,True,50,1,4,51.06382978723404,39.32038834951456,120.98765432098766,44.66019417475729
2025-03-01,FAC_150,Machakos,Level 4,558,507,261,279,232,222,False,False,100,0,5,48.5207100591716,50.0,83.15412186379928,39.784946236559136
2025-03-01,FAC_151,Machakos,Level 2,254,259,164,180,191,166,False,False,100,0,3,36.67953667953668,70.86614173228347,106.11111111111111,65.35433070866141
2025-03-01,FAC_152,Machakos,Level 2,195,201,122,105,115,108,False,False,100,0,3,39.30348258706468,53.84615384615385,109.52380952380953,55.38461538461539
2025-03-01,FAC_153,Kilifi,Level 2,297,285,169,154,174,166,False,False,100,0,3,40.70175438596491,51.85185185185185,112.98701298701299,55.892255892255896
2025-03-01,FAC_154,Homa Bay,Level 3,350,365,213,191,207,207,False,False,100,0,0,41.64383561643836,54.57142857142857,108.37696335078535,59.14285714285714
2025-03-01,FAC_155,Turkana,Level 2,279,227,124,163,162,138,False,False,100,0,0,45.37444933920705,58.422939068100355,99.38650306748467,49.46236559139785
2025-03-01,FAC_156,Machakos,Level 2,296,263,192,198,248,245,False,True,50,1,4,26.996197718631176,66.8918918918919,125.25252525252526,82.77027027027027
2025-03-01,FAC_157,Nairobi,Level 3,309,313,177,186,145,152,False,False,100,0,2,43.45047923322684,60.19417475728155,77.95698924731182,49.19093851132686
2025-03-01,FAC_158,Machakos,Level 2,284,272,156,177,179,153,False,False,100,0,4,42.64705882352941,62.323943661971825,101.12994350282484,53.87323943661971
2025-03-01,FAC_159,Nairobi,Level 3,417,334,135,144,131,127,False,False,100,0,1,59.58083832335329,34.53237410071942,90.97222222222221,30.455635491606714
2025-03-01,FAC_161,Machakos,Level 3,429,426,216,213,248,257,False,False,100,0,1,49.29577464788733,49.65034965034965,116.4319248826291,59.90675990675991
2025-03-01,FAC_162,Kilifi,Level 2,261,259,137,149,108,108,False,False,100,0,3,47.10424710424711,57.08812260536399,72.48322147651007,41.37931034482759
2025-03-01,FAC_163,Nairobi,Level 3,400,344,186,158,196,164,False,True,50,1,3,45.93023255813954,39.5,124.0506329113924,41.0
2025-03-01,FAC_164,Nairobi,Level 2,248,228,141,121,88,80,False,False,100,0,1,38.15789473684211,48.79032258064516,72.72727272727273,32.25806451612903
2025-03-01,FAC_166,Nairobi,Level 2,232,209,145,161,206,166,False,True,50,1,3,30.62200956937799,69.39655172413794,127.95031055900621,71.55172413793103
2025-03-01,FAC_167,Nairobi,Level 2,226,189,120,117,132,124,False,False,100,0,1,36.507936507936506,51.76991150442478,112.82051282051282,54.86725663716814
2025-03-01,FAC_168,Machakos,Level 2,163,147,105,101,116,116,False,False,100,0,1,28.57142857142857,61.963190184049076,114.85148514851484,71.16564417177914
2025-03-01,FAC_169,Machakos,Level 2,270,235,263,136,119,121,True,False,50,1,2,-11.914893617021278,50.37037037037037,87.5,44.81481481481481
2025-03-01,FAC_170,Turkana,Level 3,423,415,200,305,307,281,False,False,100,0,3,51.80722891566265,72.10401891252955,100.65573770491802,66.43026004728132
2025-03-01,FAC_171,Kilifi,Level 2,261,244,143,124,113,110,False,False,100,0,1,41.39344262295082,47.509578544061306,91.12903225806451,42.1455938697318
2025-03-01,FAC_172,Kilifi,Level 3,318,324,135,127,144,138,False,False,100,0,3,58.333333333333336,39.937106918238996,113.38582677165354,43.39622641509434
2025-03-01,FAC_173,Nairobi,Level 2,194,194,94,83,74,77,False,False,100,0,1,51.546391752577314,42.78350515463917,89.1566265060241,39.69072164948454
2025-03-01,FAC_174,Kilifi,Level 4,502,420,223,239,170,147,False,False,100,0,1,46.904761904761905,47.60956175298805,71.1297071129707,29.282868525896415
2025-03-01,FAC_175,Nairobi,Level 4,475,422,308,273,282,280,False,False,100,0,5,27.014218009478675,57.47368421052632,103.29670329670331,58.94736842105262
2025-03-01,FAC_177,Machakos,Level 2,170,143,62,54,41,41,False,False,100,0,1,56.64335664335665,31.76470588235294,75.92592592592592,24.11764705882353
2025-03-01,FAC_178,Machakos,Level 3,347,296,187,165,191,184,False,False,100,0,2,36.82432432432432,47.55043227665706,115.75757575757575,53.02593659942363
2025-03-01,FAC_179,Machakos,Level 2,152,140,74,63,73,60,False,False,100,0,2,47.14285714285714,41.44736842105263,115.87301587301589,39.473684210526315
2025-03-01,FAC_180,Kilifi,Level 2,190,178,102,103,105,95,False,False,100,0,2,42.69662921348314,54.21052631578947,101.94174757281553,50.0
2025-03-01,FAC_181,Turkana,Level 2,203,198,145,161,190,184,False,False,100,0,3,26.767676767676768,79.3103448275862,118.01242236024845,90.64039408866995
2025-03-01,FAC_182,Kilifi,Level 4,548,448,228,251,323,309,False,True,50,1,2,49.107142857142854,45.8029197080292,128.68525896414343,56.38686131386861
2025-03-01,FAC_183,Kilifi,Level 3,319,286,133,150,143,145,False,False,100,0,3,53.4965034965035,47.02194357366771,95.33333333333334,45.45454545454545
2025-03-01,FAC_184,Turkana,Level 4,474,418,266,242,224,234,False,False,100,0,2,36.36363636363637,51.0548523206751,92.56198347107438,49.36708860759494
2025-03-01,FAC_185,Turkana,Level 4,563,560,246,323,408,419,False,True,50,1,2,56.07142857142857,57.37122557726465,126.3157894736842,74.42273534635879
2025-03-01,FAC_187,Turkana,Level 2,217,226,134,137,112,104,False,False,100,0,3,40.707964601769916,63.133640552995395,81.75182481751825,47.926267281105986
2025-03-01,FAC_188,Machakos,Level 2,178,170,100,89,94,79,False,False,100,0,2,41.17647058823529,50.0,105.61797752808988,44.38202247191011
2025-03-01,FAC_189,Homa Bay,Level 2,206,188,81,84,94,83,False,False,100,0,1,56.91489361702128,40.77669902912621,111.90476190476191,40.29126213592233
2025-03-01,FAC_190,Homa Bay,Level 3,406,378,396,162,157,149,True,False,50,1,4,-4.761904761904762,39.90147783251231,96.91358024691358,36.69950738916256
2025-03-01,FAC_191,Turkana,Level 2,270,258,289,131,165,154,True,True,0,1,2,-12.015503875968992,48.51851851851852,125.95419847328245,57.03703703703704
2025-03-01,FAC_192,Homa Bay,Level 3,389,383,181,180,206,181,False,False,100,0,3,52.74151436031331,46.27249357326478,114.44444444444444,46.52956298200514
2025-03-01,FAC_193,Homa Bay,Level 2,285,286,165,189,158,148,False,False,100,0,0,42.30769230769231,66.3157894736842,83.5978835978836,51.92982456140351
2025-03-01,FAC_194,Turkana,Level 2,283,284,118,101,92,73,False,False,100,0,3,58.45070422535211,35.68904593639576,91.0891089108911,25.795053003533567
2025-03-01,FAC_195,Homa Bay,Level 2,251,214,130,125,112,114,False,False,100,0,1,39.25233644859813,49.800796812749006,89.60000000000001,45.41832669322709
2025-03-01,FAC_196,Kilifi,Level 3,351,315,182,208,181,179,False,False,100,0,3,42.22222222222222,59.25925925925925,87.01923076923077,50.997150997150996
2025-03-01,FAC_197,Nairobi,Level 3,332,337,242,208,243,219,False,False,100,0,1,28.18991097922849,62.65060240963856,116.82692307692308,65.96385542168674
2025-03-01,FAC_198,Nairobi,Level 2,174,162,72,70,70,69,False,False,100,0,4,55.55555555555556,40.229885057471265,100.0,39.6551724137931
2025-03-01,FAC_199,Turkana,Level 3,309,283,116,108,121,97,False,False,100,0,6,59.01060070671378,34.95145631067961,112.03703703703705,31.3915857605178
2025-04-01,FAC_100,Machakos,Level 4,521,519,378,403,318,438,False,False,100,0,2,27.167630057803464,77.35124760076776,78.90818858560795,84.06909788867563
2025-04-01,FAC_102,Homa Bay,Level 2,212,154,65,52,43,43,False,False,100,0,1,57.7922077922078,24.528301886792452,82.6923076923077,20.28301886792453
2025-04-01,FAC_103,Kilifi,Level 2,242,156,111,89,80,74,False,False,100,0,2,28.846153846153843,36.77685950413223,89.8876404494382,30.57851239669421
2025-04-01,FAC_104,Kilifi,Level 3,332,203,102,75,84,75,False,False,100,0,1,49.75369458128079,22.590361445783135,112.00000000000001,22.590361445783135
2025-04-01,FAC_105,Nairobi,Level 2,259,241,162,164,148,133,False,False,100,0,4,32.780082987551864,63.32046332046332,90.2439024390244,51.35135135135135
2025-04-01,FAC_106,Homa Bay,Level 4,587,383,181,128,108,93,False,False,100,0,1,52.74151436031331,21.80579216354344,84.375,15.843270868824533
2025-04-01,FAC_107,Homa Bay,Level 3,462,348,245,181,208,176,False,False,100,0,2,29.597701149425287,39.17748917748918,114.9171270718232,38.095238095238095
2025-04-01,FAC_108,Homa Bay,Level 2,272,223,127,104,133,123,False,True,50,1,2,43.04932735426009,38.23529411764706,127.88461538461537,45.220588235294116
2025-04-01,FAC_109,Kilifi,Level 3,399,334,205,181,171,174,False,False,100,0,2,38.622754491017965,45.363408521303256,94.47513812154696,43.609022556390975
2025-04-01,FAC_110,Machakos,Level 2,216,210,139,154,126,104,False,False,100,0,2,33.80952380952381,71.29629629629629,81.81818181818183,48.148148148148145
2025-04-01,FAC_111,Homa Bay,Level 4,517,362,146,115,81,70,False,False,100,0,4,59.66850828729282,22.243713733075435,70.43478260869566,13.539651837524177
2025-04-01,FAC_112,Kilifi,Level 3,417,342,202,161,162,169,False,False,100,0,0,40.93567251461988,38.60911270983213,100.62111801242236,40.52757793764988
2025-04-01,FAC_113,Nairobi,Level 4,588,480,298,333,307,273,False,False,100,0,1,37.916666666666664,56.63265306122449,92.1921921921922,46.42857142857143
2025-04-01,FAC_114,Machakos,Level 3,330,332,191,239,180,148,False,False,100,0,1,42.46987951807229,72.42424242424242,75.31380753138075,44.84848484848485
2025-04-01,FAC_115,Nairobi,Level 4,522,485,253,272,192,163,False,False,100,0,3,47.83505154639175,52.10727969348659,70.58823529411765,31.226053639846747
2025-04-01,FAC_116,Machakos,Level 2,231,207,94,96,92,91,False,False,100,0,1,54.589371980676326,41.55844155844156,95.83333333333334,39.39393939393939
2025-04-01,FAC_117,Kilifi,Level 4,484,360,192,132,139,141,False,False,100,0,2,46.666666666666664,27.27272727272727,105.3030303030303,29.132231404958674
2025-04-01,FAC_118,Turkana,Level 2,284,186,103,92,88,82,False,False,100,0,2,44.623655913978496,32.3943661971831,95.65217391304348,28.87323943661972
2025-04-01,FAC_119,Machakos,Level 2,249,232,159,148,161,161,False,False,100,0,3,31.46551724137931,59.43775100401606,108.78378378378379,64.65863453815261
2025-04-01,FAC_120,Nairobi,Level 2,178,186,125,134,105,89,False,False,100,0,1,32.795698924731184,75.28089887640449,78.35820895522389,50.0
2025-04-01,FAC_121,Kilifi,Level 4,599,472,330,266,218,202,False,False,100,0,1,30.08474576271186,44.40734557595994,81.95488721804512,33.7228714524207
2025-04-01,FAC_122,Machakos,Level 3,375,370,253,288,344,352,False,False,100,0,2,31.62162162162162,76.8,119.44444444444444,93.86666666666666
2025-04-01,FAC_123,Turkana,Level 2,264,191,96,84,114,104,False,True,50,1,4,49.73821989528796,31.818181818181817,135.71428571428572,39.39393939393939
2025-04-01,FAC_124,Turkana,Level 2,264,149,124,70,54,50,False,False,100,0,1,16.778523489932887,26.515151515151516,77.14285714285715,18.939393939393938
2025-04-01,FAC_125,Homa Bay,Level 3,299,185,115,91,71,67,False,False,100,0,4,37.83783783783784,30.434782608695656,78.02197802197803,22.40802675585284
2025-04-01,FAC_126,Homa Bay,Level 2,282,214,120,94,114,104,False,True,50,1,3,43.925233644859816,33.33333333333333,121.27659574468086,36.87943262411347
2025-04-01,FAC_127,Nairobi,Level 2,206,183,128,144,155,126,False,False,100,0,4,30.05464480874317,69.90291262135922,107.63888888888889,61.165048543689316
2025-04-01,FAC_128,Machakos,Level 2,209,206,140,127,92,86,False,False,100,0,1,32.038834951456316,60.76555023923444,72.44094488188976,41.14832535885167
2025-04-01,FAC_129,Machakos,Level 2,249,200,92,90,100,102,False,False,100,0,3,54.0,36.144578313253014,111.11111111111111,40.963855421686745
2025-04-01,FAC_131,Machakos,Level 2,207,198,84,73,77,75,False,False,100,0,1,57.57575757575758,35.26570048309179,105.47945205479452,36.231884057971016
2025-04-01,FAC_132,Machakos,Level 2,190,163,104,104,133,129,False,True,50,1,1,36.19631901840491,54.736842105263165,127.88461538461537,67.89473684210526
2025-04-01,FAC_134,Homa Bay,Level 2,223,158,96,79,92,76,False,False,100,0,2,39.24050632911392,35.42600896860987,116.45569620253164,34.08071748878923
2025-04-01,FAC_135,Kilifi,Level 2,153,111,65,52,41,37,False,False,100,0,3,41.44144144144144,33.98692810457516,78.84615384615384,24.18300653594771
2025-04-01,FAC_136,Homa Bay,Level 2,201,163,74,49,38,32,False,False,100,0,3,54.601226993865026,24.378109452736318,77.55102040816327,15.92039800995025
2025-04-01,FAC_137,Kilifi,Level 2,287,192,97,65,80,79,False,True,50,1,2,49.47916666666667,22.64808362369338,123.07692307692308,27.526132404181187
2025-04-01,FAC_138,Turkana,Level 2,267,214,131,107,114,109,False,False,100,0,1,38.78504672897196,40.074906367041194,106.54205607476635,40.823970037453186
2025-04-01,FAC_139,Nairobi,Level 2,225,204,151,160,139,123,False,False,100,0,2,25.98039215686275,71.11111111111111,86.875,54.666666666666664
2025-04-01,FAC_140,Machakos,Level 2,285,275,119,131,151,156,False,False,100,0,2,56.72727272727273,45.96491228070175,115.2671755725191,54.736842105263165
2025-04-01,FAC_141,Turkana,Level 2,189,143,90,76,58,56,False,False,100,0,2,37.06293706293706,40.21164021164021,76.31578947368422,29.629629629629626
2025-04-01,FAC_142,Machakos,Level 2,275,276,159,159,194,174,False,True,50,1,2,42.391304347826086,57.81818181818181,122.0125786163522,63.272727272727266
2025-04-01,FAC_143,Nairobi,Level 4,575,478,334,369,366,329,False,False,100,0,2,30.125523012552303,64.17391304347827,99.1869918699187,57.21739130434783
2025-04-01,FAC_144,Nairobi,Level 3,445,397,267,302,373,329,False,True,50,1,3,32.7455919395466,67.86516853932584,123.50993377483444,73.93258426966293
2025-04-01,FAC_145,Turkana,Level 3,443,269,156,112,128,122,False,False,100,0,2,42.00743494423792,25.28216704288939,114.28571428571428,27.539503386004515
2025-04-01,FAC_146,Nairobi,Level 2,235,203,120,112,94,97,False,False,100,0,2,40.88669950738916,47.65957446808511,83.92857142857143,41.27659574468085
2025-04-01,FAC_148,Nairobi,Level 3,450,360,241,249,287,266,False,False,100,0,2,33.05555555555556,55.333333333333336,115.26104417670682,59.111111111111114
2025-04-01,FAC_149,Machakos,Level 2,205,188,119,102,110,94,False,False,100,0,4,36.702127659574465,49.75609756097561,107.84313725490196,45.85365853658537
2025-04-01,FAC_150,Machakos,Level 4,555,530,263,296,384,383,False,True,50,1,5,50.37735849056604,53.333333333333336,129.72972972972974,69.009009009009
2025-04-01,FAC_151,Machakos,Level 2,252,250,180,202,225,214,False,False,100,0,3,28.000000000000004,80.15873015873017,111.38613861386139,84.92063492063492
2025-04-01,FAC_152,Machakos,Level 2,193,164,97,106,133,118,False,True,50,1,3,40.853658536585364,54.92227979274611,125.47169811320755,61.13989637305699
2025-04-01,FAC_153,Kilifi,Level 2,280,188,94,65,47,45,False,False,100,0,3,50.0,23.214285714285715,72.3076923076923,16.071428571428573
2025-04-01,FAC_154,Homa Bay,Level 3,351,264,152,135,122,111,False,False,100,0,0,42.42424242424242,38.46153846153847,90.37037037037037,31.62393162393162
2025-04-01,FAC_155,Turkana,Level 2,276,196,88,79,59,61,False,False,100,0,0,55.10204081632652,28.6231884057971,74.68354430379746,22.10144927536232
2025-04-01,FAC_156,Machakos,Level 2,287,243,111,117,101,89,False,False,100,0,4,54.32098765432099,40.76655052264808,86.32478632478633,31.010452961672474
2025-04-01,FAC_157,Nairobi,Level 3,292,237,169,157,126,110,False,False,100,0,2,28.691983122362867,53.76712328767124,80.2547770700637,37.67123287671233
2025-04-01,FAC_158,Machakos,Level 2,294,298,145,160,146,144,False,False,100,0,4,51.34228187919463,54.421768707483,91.25,48.97959183673469
2025-04-01,FAC_159,Nairobi,Level 3,427,419,305,338,403,339,False,False,100,0,1,27.20763723150358,79.15690866510539,119.23076923076923,79.39110070257611
2025-04-01,FAC_160,Nairobi,Level 4,525,437,298,294,274,243,False,False,100,0,0,31.80778032036613,56.00000000000001,93.19727891156462,46.285714285714285
2025-04-01,FAC_161,Machakos,Level 3,418,345,243,257,243,228,False,False,100,0,1,29.565217391304348,61.48325358851675,94.55252918287937,54.54545454545454
2025-04-01,FAC_162,Kilifi,Level 2,260,152,80,58,48,49,False,False,100,0,3,47.368421052631575,22.30769230769231,82.75862068965517,18.846153846153847
2025-04-01,FAC_163,Nairobi,Level 3,425,363,256,275,285,245,False,False,100,0,3,29.476584022038566,64.70588235294117,103.63636363636364,57.647058823529406
2025-04-01,FAC_164,Nairobi,Level 2,254,218,98,84,85,72,False,False,100,0,1,55.04587155963303,33.07086614173229,101.19047619047619,28.346456692913385
2025-04-01,FAC_165,Machakos,Level 4,606,620,409,457,537,450,False,False,100,0,0,34.03225806451613,75.41254125412541,117.5054704595186,74.25742574257426
2025-04-01,FAC_166,Nairobi,Level 2,238,211,151,136,106,100,False,False,100,0,3,28.436018957345972,57.14285714285714,77.94117647058823,42.016806722689076
2025-04-01,FAC_167,Nairobi,Level 2,210,168,107,104,110,113,False,False,100,0,1,36.30952380952381,49.523809523809526,105.76923076923077,53.80952380952381
2025-04-01,FAC_168,Machakos,Level 2,172,151,109,99,83,77,False,False,100,0,1,27.81456953642384,57.55813953488372,83.83838383838383,44.76744186046512
2025-04-01,FAC_169,Machakos,Level 2,281,241,153,132,117,106,False,False,100,0,2,36.51452282157676,46.97508896797153,88.63636363636364,37.72241992882562
2025-04-01,FAC_170,Turkana,Level 3,455,331,164,119,123,99,False,False,100,0,3,50.453172205438065,26.153846153846157,103.36134453781514,21.75824175824176
2025-04-01,FAC_171,Kilifi,Level 2,264,175,89,66,58,58,False,False,100,0,1,49.142857142857146,25.0,87.87878787878788,21.96969696969697
2025-04-01,FAC_172,Kilifi,Level 3,315,192,219,69,148,67,True,True,0,1,3,-14.0625,21.904761904761905,214.49275362318843,21.26984126984127
2025-04-01,FAC_173,Nairobi,Level 2,182,150,100,98,83,77,False,False,100,0,1,33.33333333333333,53.84615384615385,84.6938775510204,42.30769230769231
2025-04-01,FAC_174,Kilifi,Level 4,519,409,265,196,164,139,False,False,100,0,1,35.2078239608802,37.76493256262042,83.6734693877551,26.78227360308285
2025-04-01,FAC_175,Nairobi,Level 4,458,410,252,273,354,300,False,True,50,1,5,38.53658536585366,59.60698689956332,129.67032967032966,65.50218340611353
2025-04-01,FAC_176,Turkana,Level 2,164,118,64,51,59,49,False,False,100,0,2,45.76271186440678,31.097560975609756,115.68627450980394,29.878048780487802
2025-04-01,FAC_177,Machakos,Level 2,180,175,90,77,61,53,False,False,100,0,1,48.57142857142857,42.77777777777778,79.22077922077922,29.444444444444446
2025-04-01,FAC_178,Machakos,Level 3,376,329,162,151,108,111,False,False,100,0,2,50.75987841945289,40.159574468085104,71.52317880794702,29.521276595744684
2025-04-01,FAC_179,Machakos,Level 2,158,155,113,106,89,86,False,False,100,0,2,27.09677419354839,67.08860759493672,83.9622641509434,54.43037974683544
2025-04-01,FAC_180,Kilifi,Level 2,189,138,91,71,57,46,False,False,100,0,2,34.05797101449276,37.56613756613756,80.28169014084507,24.33862433862434
2025-04-01,FAC_181,Turkana,Level 2,191,115,49,31,33,28,False,False,100,0,3,57.391304347826086,16.230366492146597,106.4516129032258,14.659685863874344
2025-04-01,FAC_182,Kilifi,Level 4,568,453,258,213,176,149,False,False,100,0,2,43.04635761589404,37.5,82.62910798122066,26.23239436619718
2025-04-01,FAC_183,Kilifi,Level 3,343,232,102,84,88,77,False,False,100,0,3,56.03448275862068,24.489795918367346,104.76190476190477,22.448979591836736
2025-04-01,FAC_185,Turkana,Level 4,539,334,146,121,142,118,False,False,100,0,2,56.287425149700596,22.448979591836736,117.35537190082646,21.89239332096475
2025-04-01,FAC_186,Turkana,Level 4,573,366,150,100,96,88,False,False,100,0,3,59.01639344262295,17.452006980802793,96.0,15.357766143106458
2025-04-01,FAC_187,Turkana,Level 2,221,164,122,92,89,84,False,False,100,0,3,25.609756097560975,41.6289592760181,96.73913043478261,38.009049773755656
2025-04-01,FAC_188,Machakos,Level 2,165,149,74,65,69,64,False,False,100,0,2,50.33557046979866,39.39393939393939,106.15384615384616,38.78787878787879
2025-04-01,FAC_189,Homa Bay,Level 2,196,155,104,83,61,53,False,False,100,0,1,32.903225806451616,42.3469387755102,73.49397590361446,27.040816326530614
2025-04-01,FAC_190,Homa Bay,Level 3,388,335,341,179,140,112,True,False,50,1,4,-1.791044776119403,46.134020618556704,78.2122905027933,28.865979381443296
2025-04-01,FAC_191,Turkana,Level 2,267,183,114,80,89,73,False,False,100,0,2,37.704918032786885,29.962546816479403,111.25,27.340823970037455
2025-04-01,FAC_192,Homa Bay,Level 3,381,221,136,107,105,104,False,False,100,0,3,38.46153846153847,28.083989501312335,98.13084112149532,27.296587926509186
2025-04-01,FAC_193,Homa Bay,Level 2,279,205,139,102,72,64,False,False,100,0,0,32.19512195121951,36.55913978494624,70.58823529411765,22.939068100358423
2025-04-01,FAC_194,Turkana,Level 2,287,199,138,122,142,148,False,False,100,0,3,30.65326633165829,42.508710801393725,116.39344262295081,51.56794425087108
2025-04-01,FAC_195,Homa Bay,Level 2,255,173,114,101,90,74,False,False,100,0,1,34.104046242774565,39.6078431372549,89.10891089108911,29.01960784313726
2025-04-01,FAC_196,Kilifi,Level 3,355,243,107,99,96,88,False,False,100,0,3,55.96707818930041,27.887323943661972,96.96969696969697,24.788732394366196
2025-04-01,FAC_197,Nairobi,Level 3,330,288,308,208,164,134,True,False,50,1,1,-6.944444444444445,63.030303030303024,78.84615384615384,40.60606060606061
2025-04-01,FAC_198,Nairobi,Level 2,181,169,115,120,155,132,False,True,50,1,4,31.952662721893493,66.29834254143645,129.16666666666669,72.92817679558011
2025-04-01,FAC_199,Turkana,Level 3,298,256,138,98,121,110,False,True,50,1,6,46.09375,32.88590604026846,123.46938775510203,36.91275167785235
2025-05-01,FAC_100,Machakos,Level 4,520,527,320,307,350,338,False,False,100,0,2,39.27893738140417,59.03846153846154,114.00651465798046,65.0
2025-05-01,FAC_101,Kilifi,Level 2,187,149,64,51,59,51,False,False,100,0,1,57.04697986577181,27.27272727272727,115.68627450980394,27.27272727272727
2025-05-01,FAC_102,Homa Bay,Level 2,205,149,74,54,62,59,False,False,100,0,1,50.33557046979866,26.34146341463415,114.81481481481481,28.780487804878046
2025-05-01,FAC_103,Kilifi,Level 2,237,146,106,69,64,60,False,False,100,0,2,27.397260273972602,29.11392405063291,92.7536231884058,25.31645569620253
2025-05-01,FAC_105,Nairobi,Level 2,240,245,104,119,133,132,False,False,100,0,4,57.55102040816327,49.583333333333336,111.76470588235294,55.00000000000001
2025-05-01,FAC_106,Homa Bay,Level 4,593,519,358,342,368,380,False,False,100,0,1,31.021194605009633,57.67284991568297,107.60233918128654,64.08094435075886
2025-05-01,FAC_107,Homa Bay,Level 3,443,318,191,171,167,136,False,False,100,0,2,39.937106918238996,38.60045146726862,97.6608187134503,30.699774266365687
2025-05-01,FAC_108,Homa Bay,Level 2,274,203,143,117,81,77,False,False,100,0,2,29.55665024630542,42.700729927007295,69.23076923076923,28.102189781021895
2025-05-01,FAC_109,Kilifi,Level 3,387,289,129,88,75,69,False,False,100,0,2,55.36332179930796,22.739018087855296,85.22727272727273,17.829457364341085
2025-05-01,FAC_110,Machakos,Level 2,204,197,81,85,70,56,False,False,100,0,2,58.88324873096447,41.66666666666667,82.35294117647058,27.450980392156865
2025-05-01,FAC_111,Homa Bay,Level 4,488,338,215,143,114,116,False,False,100,0,4,36.3905325443787,29.303278688524593,79.72027972027972,23.770491803278688
2025-05-01,FAC_112,Kilifi,Level 3,435,297,167,118,104,103,False,False,100,0,0,43.77104377104377,27.126436781609197,88.13559322033898,23.678160919540232
2025-05-01,FAC_113,Nairobi,Level 4,573,555,284,269,251,238,False,False,100,0,1,48.82882882882883,46.94589877835951,93.3085501858736,41.53577661431064
2025-05-01,FAC_114,Machakos,Level 3,351,281,200,217,190,205,False,False,100,0,1,28.825622775800714,61.82336182336182,87.55760368663594,58.4045584045584
2025-05-01,FAC_115,Nairobi,Level 4,523,464,481,252,205,187,True,False,50,1,3,-3.6637931034482754,48.18355640535373,81.34920634920636,35.75525812619503
2025-05-01,FAC_116,Machakos,Level 2,227,206,96,96,71,60,False,False,100,0,1,53.398058252427184,42.290748898678416,73.95833333333334,26.431718061674008
2025-05-01,FAC_117,Kilifi,Level 4,470,352,161,101,99,79,False,False,100,0,2,54.26136363636363,21.48936170212766,98.01980198019803,16.80851063829787
2025-05-01,FAC_118,Turkana,Level 2,276,213,113,79,62,61,False,False,100,0,2,46.948356807511736,28.6231884057971,78.48101265822784,22.10144927536232
2025-05-01,FAC_119,Machakos,Level 2,266,276,119,177,174,139,False,False,100,0,3,56.88405797101449,66.54135338345864,98.30508474576271,52.255639097744364
2025-05-01,FAC_120,Nairobi,Level 2,187,159,77,86,100,100,False,False,100,0,1,51.57232704402516,45.98930481283423,116.27906976744187,53.475935828877006
2025-05-01,FAC_121,Kilifi,Level 4,567,408,227,204,240,237,False,False,100,0,1,44.36274509803921,35.978835978835974,117.64705882352942,41.7989417989418
2025-05-01,FAC_122,Machakos,Level 3,398,390,162,142,123,119,False,False,100,0,2,58.46153846153847,35.678391959798994,86.61971830985915,29.899497487437188
2025-05-01,FAC_123,Turkana,Level 2,285,209,246,82,105,98,True,True,0,1,4,-17.703349282296653,28.771929824561404,128.0487804878049,34.385964912280706
2025-05-01,FAC_124,Turkana,Level 2,261,176,83,51,45,44,False,False,100,0,1,52.84090909090909,19.54022988505747,88.23529411764706,16.85823754789272
2025-05-01,FAC_125,Homa Bay,Level 3,312,227,167,124,163,130,False,True,50,1,4,26.431718061674008,39.743589743589745,131.4516129032258,41.66666666666667
2025-05-01,FAC_126,Homa Bay,Level 2,294,214,113,72,58,60,False,False,100,0,3,47.19626168224299,24.489795918367346,80.55555555555556,20.408163265306122
2025-05-01,FAC_127,Nairobi,Level 2,203,193,216,124,160,128,True,True,0,1,4,-11.917098445595855,61.083743842364534,129.03225806451613,63.05418719211823
2025-05-01,FAC_128,Machakos,Level 2,200,180,94,100,112,106,False,False,100,0,1,47.77777777777778,50.0,112.00000000000001,53.0
2025-05-01,FAC_129,Machakos,Level 2,248,210,107,93,111,95,False,False,100,0,3,49.047619047619044,37.5,119.35483870967742,38.306451612903224
2025-05-01,FAC_130,Homa Bay,Level 3,405,296,138,99,95,83,False,False,100,0,0,53.37837837837838,24.444444444444443,95.95959595959596,20.493827160493826
2025-05-01,FAC_131,Machakos,Level 2,194,170,92,84,63,55,False,False,100,0,1,45.88235294117647,43.29896907216495,75.0,28.350515463917525
2025-05-01,FAC_132,Machakos,Level 2,179,144,93,82,69,66,False,False,100,0,1,35.41666666666667,45.81005586592179,84.14634146341463,36.87150837988827
2025-05-01,FAC_133,Turkana,Level 2,264,188,128,89,75,66,False,False,100,0,2,31.914893617021278,33.71212121212121,84.26966292134831,25.0
2025-05-01,FAC_134,Homa Bay,Level 2,227,164,99,83,66,64,False,False,100,0,2,39.63414634146341,36.56387665198238,79.51807228915662,28.193832599118945
2025-05-01,FAC_135,Kilifi,Level 2,143,102,54,38,33,28,False,False,100,0,3,47.05882352941176,26.573426573426573,86.8421052631579,19.58041958041958
2025-05-01,FAC_136,Homa Bay,Level 2,206,172,195,87,67,64,True,False,50,1,3,-13.372093023255813,42.23300970873786,77.01149425287356,31.06796116504854
2025-05-01,FAC_137,Kilifi,Level 2,264,177,83,66,82,66,False,True,50,1,2,53.10734463276836,25.0,124.24242424242425,25.0
2025-05-01,FAC_139,Nairobi,Level 2,223,183,97,108,85,71,False,False,100,0,2,46.994535519125684,48.4304932735426,78.70370370370371,31.838565022421523
2025-05-01,FAC_140,Machakos,Level 2,284,257,159,152,119,101,False,False,100,0,2,38.13229571984436,53.52112676056338,78.28947368421053,35.563380281690144
2025-05-01,FAC_141,Turkana,Level 2,177,141,96,81,72,71,False,False,100,0,2,31.914893617021278,45.76271186440678,88.88888888888889,40.11299435028249
2025-05-01,FAC_142,Machakos,Level 2,252,251,179,195,146,138,False,False,100,0,2,28.68525896414343,77.38095238095238,74.87179487179488,54.761904761904766
2025-05-01,FAC_143,Nairobi,Level 4,609,606,300,263,318,280,False,True,50,1,2,50.495049504950494,43.18555008210181,120.9125475285171,45.97701149425287
2025-05-01,FAC_144,Nairobi,Level 3,431,377,159,135,130,106,False,False,100,0,3,57.824933687002655,31.322505800464036,96.29629629629629,24.593967517401392
2025-05-01,FAC_146,Nairobi,Level 2,236,235,160,164,122,117,False,False,100,0,2,31.914893617021278,69.49152542372882,74.39024390243902,49.57627118644068
2025-05-01,FAC_147,Kilifi,Level 4,617,444,191,176,194,186,False,False,100,0,2,56.981981981981974,28.52512155591572,110.22727272727273,30.14586709886548
2025-05-01,FAC_148,Nairobi,Level 3,444,443,329,371,349,320,False,False,100,0,2,25.733634311512414,83.55855855855856,94.07008086253369,72.07207207207207
2025-05-01,FAC_149,Machakos,Level 2,197,164,100,94,69,61,False,False,100,0,4,39.02439024390244,47.71573604060914,73.40425531914893,30.96446700507614
2025-05-01,FAC_150,Machakos,Level 4,584,593,264,270,350,359,False,True,50,1,5,55.4806070826307,46.23287671232877,129.62962962962962,61.47260273972602
2025-05-01,FAC_151,Machakos,Level 2,253,213,97,83,64,57,False,False,100,0,3,54.460093896713616,32.80632411067194,77.10843373493977,22.529644268774703
2025-05-01,FAC_152,Machakos,Level 2,190,193,113,109,129,132,False,False,100,0,3,41.45077720207254,57.36842105263158,118.34862385321101,69.47368421052632
2025-05-01,FAC_153,Kilifi,Level 2,286,208,110,87,105,90,False,True,50,1,3,47.11538461538461,30.419580419580424,120.6896551724138,31.46853146853147
2025-05-01,FAC_154,Homa Bay,Level 3,358,245,145,112,133,131,False,False,100,0,0,40.816326530612244,31.28491620111732,118.75,36.592178770949715
2025-05-01,FAC_155,Turkana,Level 2,270,190,92,79,89,76,False,False,100,0,0,51.578947368421055,29.259259259259256,112.65822784810126,28.14814814814815
2025-05-01,FAC_156,Machakos,Level 2,281,277,137,119,115,113,False,False,100,0,4,50.54151624548736,42.34875444839858,96.63865546218487,40.213523131672595
2025-05-01,FAC_157,Nairobi,Level 3,316,305,125,107,126,110,False,False,100,0,2,59.01639344262295,33.860759493670884,117.75700934579439,34.810126582278485
2025-05-01,FAC_158,Machakos,Level 2,307,276,193,195,236,208,False,True,50,1,4,30.07246376811594,63.51791530944625,121.02564102564102,67.75244299674267
2025-05-01,FAC_159,Nairobi,Level 3,447,365,272,242,247,209,False,False,100,0,1,25.47945205479452,54.138702460850105,102.06611570247934,46.75615212527964
2025-05-01,FAC_160,Nairobi,Level 4,496,451,334,357,364,367,False,False,100,0,0,25.942350332594234,71.9758064516129,101.96078431372548,73.99193548387096
2025-05-01,FAC_162,Kilifi,Level 2,257,218,110,110,78,77,False,False,100,0,3,49.54128440366973,42.80155642023346,70.9090909090909,29.961089494163424
2025-05-01,FAC_163,Nairobi,Level 3,397,364,239,234,231,197,False,False,100,0,3,34.34065934065934,58.94206549118388,98.71794871794873,49.622166246851386
2025-05-01,FAC_164,Nairobi,Level 2,235,235,174,174,213,221,False,True,50,1,1,25.957446808510635,74.04255319148936,122.41379310344827,94.04255319148936
2025-05-01,FAC_165,Machakos,Level 4,606,514,286,299,283,273,False,False,100,0,0,44.3579766536965,49.339933993399335,94.64882943143813,45.04950495049505
2025-05-01,FAC_166,Nairobi,Level 2,224,189,138,128,164,161,False,True,50,1,3,26.984126984126984,57.14285714285714,128.125,71.875
2025-05-01,FAC_167,Nairobi,Level 2,221,204,140,145,143,131,False,False,100,0,1,31.372549019607842,65.61085972850678,98.62068965517241,59.276018099547514
2025-05-01,FAC_168,Machakos,Level 2,169,157,103,109,136,136,False,True,50,1,1,34.394904458598724,64.49704142011834,124.77064220183487,80.4733727810651
2025-05-01,FAC_169,Machakos,Level 2,280,281,180,166,158,164,False,False,100,0,2,35.94306049822064,59.285714285714285,95.18072289156626,58.57142857142858
2025-05-01,FAC_171,Kilifi,Level 2,264,210,98,79,73,67,False,False,100,0,1,53.333333333333336,29.924242424242426,92.40506329113924,25.37878787878788
2025-05-01,FAC_172,Kilifi,Level 3,307,244,159,109,89,83,False,False,100,0,3,34.83606557377049,35.50488599348534,81.65137614678899,27.035830618892508
2025-05-01,FAC_173,Nairobi,Level 2,193,173,84,80,61,57,False,False,100,0,1,51.445086705202314,41.45077720207254,76.25,29.533678756476682
2025-05-01,FAC_174,Kilifi,Level 4,497,302,213,148,156,132,False,False,100,0,1,29.47019867549669,29.77867203219316,105.40540540540539,26.559356136820927
2025-05-01,FAC_175,Nairobi,Level 4,476,450,481,270,224,228,True,False,50,1,5,-6.888888888888889,56.72268907563025,82.96296296296296,47.89915966386555
2025-05-01,FAC_176,Turkana,Level 2,165,131,61,49,43,39,False,False,100,0,2,53.43511450381679,29.6969696969697,87.75510204081633,23.636363636363637
2025-05-01,FAC_177,Machakos,Level 2,182,190,128,121,124,100,False,False,100,0,1,32.631578947368425,66.48351648351648,102.4793388429752,54.94505494505495
2025-05-01,FAC_178,Machakos,Level 3,344,308,186,192,189,182,False,False,100,0,2,39.61038961038961,55.81395348837209,98.4375,52.90697674418605
2025-05-01,FAC_179,Machakos,Level 2,152,122,65,65,60,57,False,False,100,0,2,46.72131147540984,42.76315789473684,92.3076923076923,37.5
2025-05-01,FAC_181,Turkana,Level 2,197,152,87,60,42,37,False,False,100,0,3,42.76315789473684,30.456852791878177,70.0,18.781725888324875
2025-05-01,FAC_182,Kilifi,Level 4,561,480,274,251,238,208,False,False,100,0,2,42.916666666666664,44.741532976827095,94.82071713147411,37.076648841354725
2025-05-01,FAC_183,Kilifi,Level 3,325,235,144,93,96,90,False,False,100,0,3,38.72340425531915,28.615384615384613,103.2258064516129,27.692307692307693
2025-05-01,FAC_184,Turkana,Level 4,487,339,233,203,156,130,False,False,100,0,2,31.268436578171094,41.68377823408625,76.84729064039408,26.69404517453799
2025-05-01,FAC_185,Turkana,Level 4,566,470,309,231,258,218,False,False,100,0,2,34.25531914893617,40.812720848056536,111.68831168831169,38.515901060070675
2025-05-01,FAC_186,Turkana,Level 4,542,445,466,220,247,253,True,False,50,1,3,-4.719101123595506,40.59040590405904,112.27272727272728,46.678966789667896
2025-05-01,FAC_187,Turkana,Level 2,220,141,149,56,48,40,True,False,50,1,3,-5.673758865248227,25.454545454545453,85.71428571428571,18.181818181818183
2025-05-01,FAC_188,Machakos,Level 2,178,159,91,97,114,95,False,False,100,0,2,42.76729559748428,54.49438202247191,117.5257731958763,53.37078651685393
2025-05-01,FAC_189,Homa Bay,Level 2,198,161,113,101,73,59,False,False,100,0,1,29.81366459627329,51.010101010101,72.27722772277228,29.797979797979796
2025-05-01,FAC_190,Homa Bay,Level 3,409,259,129,96,112,110,False,False,100,0,4,50.19305019305019,23.4718826405868,116.66666666666667,26.894865525672373
2025-05-01,FAC_191,Turkana,Level 2,256,188,139,124,116,105,False,False,100,0,2,26.063829787234045,48.4375,93.54838709677419,41.015625
2025-05-01,FAC_192,Homa Bay,Level 3,402,244,131,107,97,93,False,False,100,0,3,46.31147540983606,26.616915422885572,90.65420560747664,23.134328358208954
2025-05-01,FAC_194,Turkana,Level 2,276,238,142,112,113,114,False,False,100,0,3,40.33613445378151,40.57971014492754,100.89285714285714,41.30434782608695
2025-05-01,FAC_195,Homa Bay,Level 2,247,147,80,52,53,44,False,False,100,0,1,45.57823129251701,21.052631578947366,101.92307692307692,17.813765182186234
2025-05-01,FAC_196,Kilifi,Level 3,342,241,176,124,150,146,False,True,50,1,3,26.970954356846473,36.25730994152047,120.96774193548387,42.69005847953216
2025-05-01,FAC_197,Nairobi,Level 3,332,268,177,158,161,136,False,False,100,0,1,33.95522388059701,47.59036144578313,101.8987341772152,40.963855421686745
2025-05-01,FAC_198,Nairobi,Level 2,181,166,105,98,105,88,False,False,100,0,4,36.74698795180723,54.14364640883977,107.14285714285714,48.61878453038674
2025-05-01,FAC_199,Turkana,Level 3,325,251,122,114,93,96,False,False,100,0,6,51.39442231075697,35.07692307692308,81.57894736842105,29.53846153846154
2025-06-01,FAC_100,Machakos,Level 4,537,472,190,178,128,118,False,False,100,0,2,59.7457627118644,33.14711359404097,71.91011235955057,21.973929236499067
2025-06-01,FAC_101,Kilifi,Level 2,175,182,84,83,98,80,False,False,100,0,1,53.84615384615385,47.42857142857143,118.07228915662651,45.714285714285715
2025-06-01,FAC_102,Homa Bay,Level 2,213,219,231,154,144,123,True,False,50,1,1,-5.47945205479452,72.30046948356808,93.5064935064935,57.74647887323944
2025-06-01,FAC_103,Kilifi,Level 2,236,208,112,116,125,126,False,False,100,0,2,46.15384615384615,49.152542372881356,107.75862068965519,53.38983050847458
2025-06-01,FAC_104,Kilifi,Level 3,326,309,176,162,141,145,False,False,100,0,1,43.042071197411005,49.693251533742334,87.03703703703704,44.47852760736196
2025-06-01,FAC_105,Nairobi,Level 2,254,210,154,157,173,139,False,False,100,0,4,26.666666666666668,61.811023622047244,110.19108280254777,54.7244094488189
2025-06-01,FAC_106,Homa Bay,Level 4,567,536,262,233,274,253,False,False,100,0,1,51.11940298507462,41.09347442680776,117.59656652360515,44.62081128747795
2025-06-01,FAC_107,Homa Bay,Level 3,456,418,219,233,225,232,False,False,100,0,2,47.60765550239234,51.09649122807017,96.56652360515021,50.877192982456144
2025-06-01,FAC_108,Homa Bay,Level 2,291,295,220,194,139,136,False,False,100,0,2,25.423728813559322,66.66666666666666,71.64948453608247,46.735395189003434
2025-06-01,FAC_109,Kilifi,Level 3,371,373,189,189,227,218,False,True,50,1,2,49.32975871313673,50.943396226415096,120.10582010582011,58.760107816711596
2025-06-01,FAC_110,Machakos,Level 2,216,225,232,101,120,96,True,False,50,1,2,-3.111111111111111,46.75925925925926,118.8118811881188,44.44444444444444
2025-06-01,FAC_111,Homa Bay,Level 4,498,430,224,225,174,181,False,False,100,0,4,47.906976744186046,45.18072289156627,77.33333333333333,36.34538152610442
2025-06-01,FAC_112,Kilifi,Level 3,411,330,153,173,168,146,False,False,100,0,0,53.63636363636364,42.092457420924575,97.10982658959537,35.523114355231144
2025-06-01,FAC_113,Nairobi,Level 4,596,594,442,443,551,548,False,True,50,1,1,25.589225589225588,74.32885906040269,124.37923250564333,91.94630872483222
2025-06-01,FAC_114,Machakos,Level 3,349,283,167,155,152,133,False,False,100,0,1,40.98939929328622,44.412607449856736,98.06451612903226,38.108882521489974
2025-06-01,FAC_115,Nairobi,Level 4,524,526,282,301,275,224,False,False,100,0,3,46.38783269961977,57.44274809160306,91.36212624584718,42.74809160305343
2025-06-01,FAC_116,Machakos,Level 2,234,228,122,116,136,130,False,False,100,0,1,46.49122807017544,49.572649572649574,117.24137931034481,55.55555555555556
2025-06-01,FAC_117,Kilifi,Level 4,499,516,570,367,421,359,True,False,50,1,2,-10.465116279069768,73.54709418837675,114.71389645776566,71.9438877755511
2025-06-01,FAC_118,Turkana,Level 2,293,241,101,87,105,85,False,True,50,1,2,58.09128630705395,29.692832764505116,120.6896551724138,29.01023890784983
2025-06-01,FAC_119,Machakos,Level 2,246,237,119,114,80,81,False,False,100,0,3,49.789029535864984,46.34146341463415,70.17543859649122,32.926829268292686
2025-06-01,FAC_120,Nairobi,Level 2,176,163,110,116,94,92,False,False,100,0,1,32.515337423312886,65.9090909090909,81.03448275862068,52.27272727272727
2025-06-01,FAC_121,Kilifi,Level 4,558,517,359,381,416,423,False,False,100,0,1,30.56092843326886,68.27956989247312,109.18635170603675,75.80645161290323
2025-06-01,FAC_122,Machakos,Level 3,397,356,158,161,182,151,False,False,100,0,2,55.61797752808989,40.55415617128463,113.04347826086956,38.0352644836272
2025-06-01,FAC_123,Turkana,Level 2,283,285,146,131,105,91,False,False,100,0,4,48.771929824561404,46.28975265017668,80.1526717557252,32.15547703180212
2025-06-01,FAC_124,Turkana,Level 2,278,232,271,162,114,112,True,False,50,1,1,-16.810344827586206,58.27338129496403,70.37037037037037,40.28776978417266
2025-06-01,FAC_125,Homa Bay,Level 3,306,304,351,158,157,125,True,False,50,1,4,-15.460526315789474,51.633986928104584,99.36708860759494,40.849673202614376
2025-06-01,FAC_126,Homa Bay,Level 2,283,275,188,177,223,216,False,True,50,1,3,31.636363636363633,62.544169611307424,125.98870056497175,76.32508833922262
2025-06-01,FAC_127,Nairobi,Level 2,194,167,118,125,104,105,False,False,100,0,4,29.34131736526946,64.43298969072166,83.2,54.123711340206185
2025-06-01,FAC_128,Machakos,Level 2,200,203,143,140,123,120,False,False,100,0,1,29.55665024630542,70.0,87.85714285714286,60.0
2025-06-01,FAC_129,Machakos,Level 2,234,230,93,84,70,67,False,False,100,0,3,59.56521739130435,35.8974358974359,83.33333333333334,28.63247863247863
2025-06-01,FAC_130,Homa Bay,Level 3,398,404,224,248,295,308,False,False,100,0,0,44.554455445544555,62.311557788944725,118.9516129032258,77.38693467336684
2025-06-01,FAC_131,Machakos,Level 2,193,181,119,102,97,91,False,False,100,0,1,34.25414364640884,52.84974093264248,95.09803921568627,47.15025906735752
2025-06-01,FAC_132,Machakos,Level 2,192,161,95,93,66,60,False,False,100,0,1,40.993788819875775,48.4375,70.96774193548387,31.25
2025-06-01,FAC_133,Turkana,Level 2,265,215,119,111,108,90,False,False,100,0,2,44.651162790697676,41.88679245283019,97.2972972972973,33.9622641509434
2025-06-01,FAC_134,Homa Bay,Level 2,239,228,250,136,116,116,True,False,50,1,2,-9.649122807017543,56.903765690376574,85.29411764705883,48.53556485355649
2025-06-01,FAC_135,Kilifi,Level 2,156,144,72,70,90,76,False,True,50,1,3,50.0,44.871794871794876,128.57142857142858,48.717948717948715
2025-06-01,FAC_136,Homa Bay,Level 2,203,196,96,94,73,71,False,False,100,0,3,51.02040816326531,46.30541871921182,77.6595744680851,34.97536945812808
2025-06-01,FAC_137,Kilifi,Level 2,270,246,175,169,201,209,False,False,100,0,2,28.86178861788618,62.59259259259259,118.93491124260356,77.4074074074074
2025-06-01,FAC_138,Turkana,Level 2,291,295,135,133,156,148,False,False,100,0,1,54.23728813559322,45.70446735395189,117.29323308270676,50.85910652920962
2025-06-01,FAC_139,Nairobi,Level 2,210,189,195,103,126,116,True,True,0,1,2,-3.1746031746031744,49.047619047619044,122.33009708737863,55.23809523809524
2025-06-01,FAC_140,Machakos,Level 2,278,263,124,107,112,112,False,False,100,0,2,52.851711026615966,38.489208633093526,104.67289719626167,40.28776978417266
2025-06-01,FAC_141,Turkana,Level 2,195,169,91,86,107,111,False,True,50,1,2,46.15384615384615,44.1025641025641,124.4186046511628,56.92307692307692
2025-06-01,FAC_142,Machakos,Level 2,270,236,99,103,78,62,False,False,100,0,2,58.05084745762712,38.148148148148145,75.72815533980582,22.962962962962962
2025-06-01,FAC_145,Turkana,Level 3,438,431,247,220,277,245,False,True,50,1,2,42.69141531322506,50.2283105022831,125.9090909090909,55.93607305936074
2025-06-01,FAC_146,Nairobi,Level 2,236,226,92,92,97,92,False,False,100,0,2,59.29203539823009,38.983050847457626,105.43478260869566,38.983050847457626
2025-06-01,FAC_147,Kilifi,Level 4,611,599,421,408,517,464,False,True,50,1,2,29.716193656093488,66.77577741407529,126.71568627450979,75.94108019639934
2025-06-01,FAC_148,Nairobi,Level 3,432,453,267,306,391,355,False,True,50,1,2,41.05960264900662,70.83333333333334,127.77777777777777,82.17592592592592
2025-06-01,FAC_149,Machakos,Level 2,204,208,133,140,123,121,False,False,100,0,4,36.05769230769231,68.62745098039215,87.85714285714286,59.31372549019608
2025-06-01,FAC_150,Machakos,Level 4,567,500,305,330,245,236,False,False,100,0,5,39.0,58.201058201058196,74.24242424242425,41.622574955908284
2025-06-01,FAC_151,Machakos,Level 2,264,230,93,79,100,85,False,True,50,1,3,59.56521739130435,29.924242424242426,126.58227848101266,32.196969696969695
2025-06-01,FAC_152,Machakos,Level 2,193,156,182,100,83,70,True,False,50,1,3,-16.666666666666664,51.813471502590666,83.0,36.26943005181347
2025-06-01,FAC_153,Kilifi,Level 2,295,261,110,202,253,212,False,True,50,1,3,57.8544061302682,68.47457627118644,125.24752475247524,71.86440677966101
2025-06-01,FAC_154,Homa Bay,Level 3,343,345,193,214,175,181,False,False,100,0,0,44.05797101449275,62.390670553935855,81.77570093457945,52.76967930029155
2025-06-01,FAC_155,Turkana,Level 2,279,270,125,123,91,91,False,False,100,0,0,53.70370370370371,44.086021505376344,73.98373983739837,32.61648745519714
2025-06-01,FAC_156,Machakos,Level 2,289,238,130,139,167,156,False,True,50,1,4,45.378151260504204,48.09688581314879,120.14388489208633,53.979238754325266
2025-06-01,FAC_157,Nairobi,Level 3,296,263,126,109,77,63,False,False,100,0,2,52.09125475285171,36.82432432432432,70.64220183486239,21.283783783783782
2025-06-01,FAC_158,Machakos,Level 2,285,258,134,114,111,107,False,False,100,0,4,48.06201550387597,40.0,97.36842105263158,37.54385964912281
2025-06-01,FAC_159,Nairobi,Level 3,420,359,251,247,245,209,False,False,100,0,1,30.08356545961003,58.80952380952381,99.19028340080972,49.76190476190476
2025-06-01,FAC_160,Nairobi,Level 4,500,517,379,393,278,393,False,False,100,0,0,26.692456479690524,78.60000000000001,70.73791348600508,78.60000000000001
2025-06-01,FAC_161,Machakos,Level 3,408,358,242,227,221,182,False,False,100,0,1,32.402234636871505,55.63725490196079,97.3568281938326,44.6078431372549
2025-06-01,FAC_163,Nairobi,Level 3,397,322,194,175,123,123,False,False,100,0,3,39.75155279503105,44.08060453400503,70.28571428571428,30.982367758186395
2025-06-01,FAC_164,Nairobi,Level 2,241,197,131,150,135,110,False,False,100,0,1,33.50253807106599,62.24066390041494,90.0,45.643153526970956
2025-06-01,FAC_165,Machakos,Level 4,611,519,254,246,234,217,False,False,100,0,0,51.05973025048169,40.261865793780686,95.1219512195122,35.51554828150573
2025-06-01,FAC_166,Nairobi,Level 2,220,177,79,84,98,84,False,False,100,0,3,55.367231638418076,38.18181818181819,116.66666666666667,38.18181818181819
2025-06-01,FAC_167,Nairobi,Level 2,219,229,120,120,93,87,False,False,100,0,1,47.59825327510917,54.794520547945204,77.5,39.726027397260275
2025-06-01,FAC_168,Machakos,Level 2,176,155,83,90,101,87,False,False,100,0,1,46.45161290322581,51.13636363636363,112.22222222222223,49.43181818181818
2025-06-01,FAC_169,Machakos,Level 2,263,252,125,119,95,90,False,False,100,0,2,50.39682539682539,45.247148288973385,79.83193277310924,34.22053231939163
2025-06-01,FAC_170,Turkana,Level 3,453,437,493,257,277,251,True,False,50,1,3,-12.814645308924485,56.73289183222958,107.78210116731518,55.40838852097131
2025-06-01,FAC_171,Kilifi,Level 2,270,225,159,182,169,142,False,False,100,0,1,29.333333333333332,67.4074074074074,92.85714285714286,52.59259259259259
2025-06-01,FAC_172,Kilifi,Level 3,323,306,338,174,194,157,True,False,50,1,3,-10.457516339869281,53.86996904024768,111.49425287356323,48.60681114551084
2025-06-01,FAC_173,Nairobi,Level 2,185,154,77,86,60,56,False,False,100,0,1,50.0,46.48648648648649,69.76744186046511,30.270270270270274
2025-06-01,FAC_174,Kilifi,Level 4,485,418,288,286,360,345,False,True,50,1,1,31.100478468899524,58.96907216494846,125.87412587412588,71.1340206185567
2025-06-01,FAC_175,Nairobi,Level 4,496,453,209,180,176,178,False,False,100,0,5,53.86313465783664,36.29032258064516,97.77777777777777,35.88709677419355
2025-06-01,FAC_176,Turkana,Level 2,167,134,93,96,108,98,False,False,100,0,2,30.597014925373134,57.48502994011976,112.5,58.68263473053892
2025-06-01,FAC_178,Machakos,Level 3,359,374,150,132,132,106,False,False,100,0,2,59.893048128342244,36.768802228412255,100.0,29.526462395543174
2025-06-01,FAC_179,Machakos,Level 2,160,160,111,95,78,80,False,False,100,0,2,30.625000000000004,59.375,82.10526315789474,50.0
2025-06-01,FAC_180,Kilifi,Level 2,194,168,125,121,155,149,False,True,50,1,2,25.595238095238095,62.371134020618555,128.099173553719,76.80412371134021
2025-06-01,FAC_181,Turkana,Level 2,197,201,124,109,131,109,False,True,50,1,3,38.308457711442784,55.32994923857868,120.1834862385321,55.32994923857868
2025-06-01,FAC_182,Kilifi,Level 4,557,541,281,307,254,237,False,False,100,0,2,48.059149722735675,55.11669658886894,82.73615635179154,42.549371633752244
2025-06-01,FAC_183,Kilifi,Level 3,325,306,162,150,140,146,False,False,100,0,3,47.05882352941176,46.15384615384615,93.33333333333333,44.92307692307692
2025-06-01,FAC_184,Turkana,Level 4,504,405,169,160,203,208,False,True,50,1,2,58.2716049382716,31.746031746031743,126.875,41.269841269841265
2025-06-01,FAC_185,Turkana,Level 4,527,522,247,270,275,279,False,False,100,0,2,52.68199233716475,51.23339658444023,101.85185185185186,52.94117647058824
2025-06-01,FAC_186,Turkana,Level 4,573,567,342,293,226,215,False,False,100,0,3,39.682539682539684,51.13438045375218,77.13310580204778,37.52181500872601
2025-06-01,FAC_187,Turkana,Level 2,223,207,131,121,106,84,False,False,100,0,3,36.71497584541063,54.26008968609865,87.60330578512396,37.66816143497758
2025-06-01,FAC_188,Machakos,Level 2,166,151,168,73,90,87,True,True,0,1,2,-11.258278145695364,43.97590361445783,123.28767123287672,52.40963855421686
2025-06-01,FAC_189,Homa Bay,Level 2,208,208,111,95,82,74,False,False,100,0,1,46.63461538461539,45.67307692307692,86.31578947368422,35.57692307692308
2025-06-01,FAC_190,Homa Bay,Level 3,406,332,155,148,135,125,False,False,100,0,4,53.31325301204819,36.45320197044335,91.21621621621621,30.78817733990148
2025-06-01,FAC_191,Turkana,Level 2,271,239,100,102,128,125,False,True,50,1,2,58.15899581589959,37.63837638376384,125.49019607843137,46.125461254612546
2025-06-01,FAC_192,Homa Bay,Level 3,386,362,268,236,275,231,False,False,100,0,3,25.96685082872928,61.13989637305699,116.52542372881356,59.84455958549223
2025-06-01,FAC_193,Homa Bay,Level 2,286,249,106,111,99,86,False,False,100,0,0,57.42971887550201,38.81118881118881,89.1891891891892,30.069930069930066
2025-06-01,FAC_194,Turkana,Level 2,285,233,147,146,127,124,False,False,100,0,3,36.9098712446352,51.2280701754386,86.98630136986301,43.50877192982456
2025-06-01,FAC_195,Homa Bay,Level 2,252,253,161,176,168,142,False,False,100,0,1,36.36363636363637,69.84126984126983,95.45454545454545,56.34920634920635
2025-06-01,FAC_196,Kilifi,Level 3,332,275,121,129,115,92,False,False,100,0,3,56.00000000000001,38.855421686746986,89.14728682170544,27.710843373493976
2025-06-01,FAC_197,Nairobi,Level 3,336,271,177,161,123,110,False,False,100,0,1,34.686346863468636,47.91666666666667,76.3975155279503,32.73809523809524
2025-06-01,FAC_198,Nairobi,Level 2,178,147,89,81,99,84,False,True,50,1,4,39.455782312925166,45.50561797752809,122.22222222222223,47.19101123595505
2025-06-01,FAC_199,Turkana,Level 3,318,263,183,181,233,229,False,True,50,1,6,30.418250950570343,56.91823899371069,128.7292817679558,72.0125786163522
2025-07-01,FAC_100,Machakos,Level 4,496,446,333,350,281,275,False,False,100,0,2,25.336322869955158,70.56451612903226,80.28571428571428,55.443548387096776
2025-07-01,FAC_101,Kilifi,Level 2,186,195,123,138,97,95,False,False,100,0,1,36.92307692307693,74.19354838709677,70.28985507246377,51.075268817204304
2025-07-01,FAC_102,Homa Bay,Level 2,204,192,120,118,102,91,False,False,100,0,1,37.5,57.84313725490197,86.4406779661017,44.6078431372549
2025-07-01,FAC_103,Kilifi,Level 2,257,242,124,124,123,101,False,False,100,0,2,48.760330578512395,48.249027237354085,99.19354838709677,39.29961089494164
2025-07-01,FAC_104,Kilifi,Level 3,329,270,176,116,95,99,False,False,100,0,1,34.81481481481482,35.25835866261398,81.89655172413794,30.091185410334347
2025-07-01,FAC_105,Nairobi,Level 2,260,214,157,133,164,152,False,True,50,1,4,26.635514018691588,51.153846153846146,123.30827067669172,58.46153846153847
2025-07-01,FAC_106,Homa Bay,Level 4,579,508,343,383,427,367,False,False,100,0,1,32.48031496062992,66.14853195164075,111.4882506527415,63.38514680483593
2025-07-01,FAC_107,Homa Bay,Level 3,441,415,168,161,151,151,False,False,100,0,2,59.518072289156635,36.507936507936506,93.7888198757764,34.24036281179138
2025-07-01,FAC_108,Homa Bay,Level 2,299,244,127,126,88,81,False,False,100,0,2,47.950819672131146,42.14046822742475,69.84126984126983,27.09030100334448
2025-07-01,FAC_109,Kilifi,Level 3,383,346,185,169,140,137,False,False,100,0,2,46.53179190751445,44.12532637075718,82.84023668639054,35.77023498694517
2025-07-01,FAC_110,Machakos,Level 2,205,164,70,78,68,59,False,False,100,0,2,57.3170731707317,38.048780487804876,87.17948717948718,28.780487804878046
2025-07-01,FAC_111,Homa Bay,Level 4,521,504,376,372,376,318,False,False,100,0,4,25.396825396825395,71.40115163147792,101.0752688172043,61.036468330134355
2025-07-01,FAC_112,Kilifi,Level 3,446,394,281,295,324,295,False,False,100,0,0,28.680203045685282,66.14349775784754,109.83050847457628,66.14349775784754
2025-07-01,FAC_113,Nairobi,Level 4,599,570,397,433,435,354,False,False,100,0,1,30.350877192982455,72.28714524207011,100.46189376443418,59.09849749582637
2025-07-01,FAC_114,Machakos,Level 3,321,299,128,137,175,171,False,True,50,1,1,57.19063545150501,42.679127725856695,127.73722627737227,53.271028037383175
2025-07-01,FAC_115,Nairobi,Level 4,528,515,583,233,251,211,True,False,50,1,3,-13.203883495145632,44.128787878787875,107.72532188841201,39.96212121212121
2025-07-01,FAC_116,Machakos,Level 2,231,219,152,151,171,150,False,False,100,0,1,30.59360730593607,65.36796536796537,113.24503311258279,64.93506493506493
2025-07-01,FAC_117,Kilifi,Level 4,484,397,253,242,180,163,False,False,100,0,2,36.272040302267,50.0,74.3801652892562,33.67768595041322
2025-07-01,FAC_118,Turkana,Level 2,288,293,141,136,117,105,False,False,100,0,2,51.877133105802045,47.22222222222222,86.02941176470588,36.45833333333333
2025-07-01,FAC_119,Machakos,Level 2,263,269,170,178,192,192,False,False,100,0,3,36.80297397769517,67.68060836501901,107.86516853932584,73.00380228136882
2025-07-01,FAC_120,Nairobi,Level 2,182,157,117,99,78,77,False,False,100,0,1,25.477707006369428,54.395604395604394,78.78787878787878,42.30769230769231
2025-07-01,FAC_121,Kilifi,Level 4,601,527,249,279,285,272,False,False,100,0,1,52.75142314990512,46.422628951747086,102.15053763440861,45.25790349417637
2025-07-01,FAC_122,Machakos,Level 3,391,318,229,207,220,213,False,False,100,0,2,27.9874213836478,52.94117647058824,106.28019323671498,54.47570332480819
2025-07-01,FAC_123,Turkana,Level 2,290,235,102,107,116,118,False,False,100,0,4,56.59574468085107,36.896551724137936,108.41121495327101,40.689655172413794
2025-07-01,FAC_125,Homa Bay,Level 3,312,282,176,183,143,130,False,False,100,0,4,37.5886524822695,58.65384615384615,78.14207650273224,41.66666666666667
2025-07-01,FAC_126,Homa Bay,Level 2,297,270,159,162,101,198,False,False,100,0,3,41.11111111111111,54.54545454545454,62.34567901234568,66.66666666666666
2025-07-01,FAC_127,Nairobi,Level 2,195,192,90,81,62,54,False,False,100,0,4,53.125,41.53846153846154,76.5432098765432,27.692307692307693
2025-07-01,FAC_128,Machakos,Level 2,214,185,131,124,130,107,False,False,100,0,1,29.18918918918919,57.943925233644855,104.83870967741935,50.0
2025-07-01,FAC_129,Machakos,Level 2,244,206,135,134,99,94,False,False,100,0,3,34.46601941747573,54.91803278688525,73.88059701492537,38.52459016393443
2025-07-01,FAC_130,Homa Bay,Level 3,427,417,270,282,230,192,False,False,100,0,0,35.25179856115108,66.04215456674473,81.56028368794325,44.96487119437939
2025-07-01,FAC_131,Machakos,Level 2,196,186,77,66,65,61,False,False,100,0,1,58.602150537634415,33.6734693877551,98.48484848484848,31.122448979591837
2025-07-01,FAC_132,Machakos,Level 2,191,199,127,144,142,138,False,False,100,0,1,36.18090452261307,75.39267015706807,98.61111111111111,72.25130890052355
2025-07-01,FAC_133,Turkana,Level 2,273,267,127,138,141,135,False,False,100,0,2,52.43445692883895,50.54945054945055,102.17391304347827,49.45054945054945
2025-07-01,FAC_134,Homa Bay,Level 2,235,230,142,137,175,144,False,True,50,1,2,38.26086956521739,58.29787234042553,127.73722627737227,61.27659574468085
2025-07-01,FAC_135,Kilifi,Level 2,145,126,53,48,44,40,False,False,100,0,3,57.936507936507944,33.10344827586207,91.66666666666666,27.586206896551722
2025-07-01,FAC_136,Homa Bay,Level 2,203,211,129,142,102,98,False,False,100,0,3,38.862559241706165,69.95073891625616,71.83098591549296,48.275862068965516
2025-07-01,FAC_137,Kilifi,Level 2,273,281,132,113,85,86,False,False,100,0,2,53.02491103202846,41.39194139194139,75.22123893805309,31.5018315018315
2025-07-01,FAC_138,Turkana,Level 2,280,275,170,193,213,218,False,False,100,0,1,38.18181818181819,68.92857142857143,110.36269430051813,77.85714285714286
2025-07-01,FAC_139,Nairobi,Level 2,213,216,103,97,80,82,False,False,100,0,2,52.31481481481482,45.539906103286384,82.4742268041237,38.497652582159624
2025-07-01,FAC_140,Machakos,Level 2,277,264,195,185,187,195,False,False,100,0,2,26.136363636363637,66.78700361010831,101.08108108108107,70.3971119133574
2025-07-01,FAC_141,Turkana,Level 2,191,188,96,90,76,61,False,False,100,0,2,48.93617021276596,47.12041884816754,84.44444444444444,31.93717277486911
2025-07-01,FAC_142,Machakos,Level 2,259,264,160,155,171,144,False,False,100,0,2,39.39393939393939,59.84555984555985,110.3225806451613,55.5984555984556
2025-07-01,FAC_143,Nairobi,Level 4,578,570,337,303,327,341,False,False,100,0,2,40.87719298245614,52.42214532871973,107.92079207920793,58.99653979238755
2025-07-01,FAC_144,Nairobi,Level 3,461,426,269,299,299,271,False,False,100,0,3,36.85446009389671,64.8590021691974,100.0,58.78524945770065
2025-07-01,FAC_145,Turkana,Level 3,412,366,169,174,168,154,False,False,100,0,2,53.825136612021865,42.23300970873786,96.55172413793103,37.37864077669903
2025-07-01,FAC_146,Nairobi,Level 2,251,228,135,123,124,113,False,False,100,0,2,40.78947368421053,49.00398406374502,100.8130081300813,45.0199203187251
2025-07-01,FAC_147,Kilifi,Level 4,612,519,223,193,213,198,False,False,100,0,2,57.03275529865125,31.5359477124183,110.36269430051813,32.35294117647059
2025-07-01,FAC_148,Nairobi,Level 3,432,378,220,238,276,287,False,False,100,0,2,41.7989417989418,55.092592592592595,115.96638655462186,66.43518518518519
2025-07-01,FAC_149,Machakos,Level 2,205,186,127,143,181,147,False,True,50,1,4,31.72043010752688,69.7560975609756,126.57342657342659,71.70731707317073
2025-07-01,FAC_150,Machakos,Level 4,571,553,265,280,211,195,False,False,100,0,5,52.07956600361664,49.036777583187394,75.35714285714286,34.15061295971979
2025-07-01,FAC_151,Machakos,Level 2,262,237,111,107,102,96,False,False,100,0,3,53.16455696202531,40.839694656488554,95.32710280373831,36.6412213740458
2025-07-01,FAC_152,Machakos,Level 2,195,183,96,92,108,94,False,False,100,0,3,47.540983606557376,47.179487179487175,117.3913043478261,48.205128205128204
2025-07-01,FAC_153,Kilifi,Level 2,301,261,163,140,167,157,False,False,100,0,3,37.547892720306514,46.51162790697674,119.28571428571428,52.159468438538205
2025-07-01,FAC_154,Homa Bay,Level 3,342,295,208,177,178,165,False,False,100,0,0,29.491525423728817,51.75438596491229,100.56497175141243,48.24561403508772
2025-07-01,FAC_155,Turkana,Level 2,269,268,182,170,147,135,False,False,100,0,0,32.08955223880597,63.19702602230484,86.47058823529412,50.18587360594795
2025-07-01,FAC_156,Machakos,Level 2,285,249,263,98,118,117,True,True,0,1,4,-5.622489959839357,34.385964912280706,120.40816326530613,41.05263157894737
2025-07-01,FAC_157,Nairobi,Level 3,303,280,154,136,96,80,False,False,100,0,2,45.0,44.884488448844884,70.58823529411765,26.4026402640264
2025-07-01,FAC_158,Machakos,Level 2,298,304,119,185,193,192,False,False,100,0,4,60.85526315789473,62.08053691275168,104.32432432432432,64.42953020134227
2025-07-01,FAC_159,Nairobi,Level 3,428,342,138,123,135,131,False,False,100,0,1,59.64912280701754,28.738317757009348,109.75609756097562,30.60747663551402
2025-07-01,FAC_160,Nairobi,Level 4,485,480,324,358,408,416,False,False,100,0,0,32.5,73.81443298969073,113.96648044692736,85.77319587628865
2025-07-01,FAC_162,Kilifi,Level 2,243,225,136,154,124,104,False,False,100,0,3,39.55555555555556,63.37448559670782,80.51948051948052,42.79835390946502
2025-07-01,FAC_163,Nairobi,Level 3,415,394,166,168,174,161,False,False,100,0,3,57.868020304568525,40.48192771084337,103.57142857142858,38.795180722891565
2025-07-01,FAC_164,Nairobi,Level 2,248,248,103,112,88,70,False,False,100,0,1,58.46774193548387,45.16129032258064,78.57142857142857,28.225806451612907
2025-07-01,FAC_165,Machakos,Level 4,590,553,337,326,380,393,False,False,100,0,0,39.059674502712475,55.254237288135585,116.56441717791411,66.61016949152543
2025-07-01,FAC_166,Nairobi,Level 2,227,188,82,76,64,67,False,False,100,0,3,56.38297872340425,33.480176211453745,84.21052631578947,29.515418502202646
2025-07-01,FAC_167,Nairobi,Level 2,218,208,109,118,140,145,False,False,100,0,1,47.59615384615385,54.12844036697248,118.64406779661016,66.5137614678899
2025-07-01,FAC_168,Machakos,Level 2,163,132,83,83,60,56,False,False,100,0,1,37.121212121212125,50.920245398773,72.28915662650603,34.355828220858896
2025-07-01,FAC_169,Machakos,Level 2,285,294,196,180,132,122,False,False,100,0,2,33.33333333333333,63.1578947368421,73.33333333333333,42.80701754385965
2025-07-01,FAC_170,Turkana,Level 3,459,411,210,201,187,154,False,False,100,0,3,48.9051094890511,43.790849673202615,93.03482587064677,33.551198257080614
2025-07-01,FAC_171,Kilifi,Level 2,266,260,171,162,194,170,False,False,100,0,1,34.23076923076923,60.902255639097746,119.75308641975309,63.90977443609023
2025-07-01,FAC_172,Kilifi,Level 3,318,285,182,160,160,157,False,False,100,0,3,36.140350877192986,50.314465408805034,100.0,49.37106918238994
2025-07-01,FAC_173,Nairobi,Level 2,181,184,126,114,128,112,False,False,100,0,1,31.521739130434785,62.98342541436463,112.28070175438596,61.87845303867403
2025-07-01,FAC_174,Kilifi,Level 4,496,487,252,235,231,195,False,False,100,0,1,48.25462012320328,47.37903225806452,98.29787234042553,39.314516129032256
2025-07-01,FAC_175,Nairobi,Level 4,452,370,217,184,232,191,False,True,50,1,5,41.351351351351354,40.707964601769916,126.08695652173914,42.256637168141594
2025-07-01,FAC_176,Turkana,Level 2,170,156,107,106,81,67,False,False,100,0,2,31.41025641025641,62.35294117647059,76.41509433962264,39.411764705882355
2025-07-01,FAC_177,Machakos,Level 2,180,182,112,120,109,94,False,False,100,0,1,38.46153846153847,66.66666666666666,90.83333333333333,52.22222222222223
2025-07-01,FAC_178,Machakos,Level 3,344,280,202,194,223,215,False,False,100,0,2,27.857142857142858,56.395348837209305,114.94845360824742,62.5
2025-07-01,FAC_179,Machakos,Level 2,158,133,92,93,101,90,False,False,100,0,2,30.82706766917293,58.86075949367089,108.6021505376344,56.9620253164557
2025-07-01,FAC_180,Kilifi,Level 2,201,186,202,72,74,66,True,False,50,1,2,-8.60215053763441,35.82089552238806,102.77777777777777,32.83582089552239
2025-07-01,FAC_181,Turkana,Level 2,195,156,66,73,57,55,False,False,100,0,3,57.692307692307686,37.43589743589744,78.08219178082192,28.205128205128204
2025-07-01,FAC_182,Kilifi,Level 4,570,469,264,275,260,227,False,False,100,0,2,43.71002132196162,48.24561403508772,94.54545454545455,39.824561403508774
2025-07-01,FAC_183,Kilifi,Level 3,351,362,255,269,334,338,False,True,50,1,3,29.55801104972376,76.63817663817663,124.1635687732342,96.29629629629629
2025-07-01,FAC_184,Turkana,Level 4,498,478,333,299,277,246,False,False,100,0,2,30.334728033472803,60.040160642570285,92.64214046822742,49.39759036144578
2025-07-01,FAC_185,Turkana,Level 4,560,497,255,283,204,204,False,False,100,0,2,48.692152917505034,50.535714285714285,72.08480565371025,36.42857142857142
2025-07-01,FAC_186,Turkana,Level 4,556,541,246,238,231,225,False,False,100,0,3,54.5286506469501,42.805755395683455,97.05882352941177,40.46762589928058
2025-07-01,FAC_187,Turkana,Level 2,213,190,121,115,138,113,False,False,100,0,3,36.31578947368421,53.990610328638496,120.0,53.051643192488264
2025-07-01,FAC_188,Machakos,Level 2,168,159,163,115,85,87,True,False,50,1,2,-2.515723270440252,68.45238095238095,73.91304347826086,51.78571428571429
2025-07-01,FAC_189,Homa Bay,Level 2,210,204,120,117,125,100,False,False,100,0,1,41.17647058823529,55.714285714285715,106.83760683760684,47.61904761904761
2025-07-01,FAC_190,Homa Bay,Level 3,408,372,261,299,236,239,False,False,100,0,4,29.838709677419356,73.2843137254902,78.92976588628763,58.57843137254902
2025-07-01,FAC_191,Turkana,Level 2,250,258,110,119,140,116,False,False,100,0,2,57.36434108527132,47.599999999999994,117.64705882352942,46.400000000000006
2025-07-01,FAC_192,Homa Bay,Level 3,383,332,186,183,163,170,False,False,100,0,3,43.97590361445783,47.78067885117493,89.07103825136612,44.38642297650131
2025-07-01,FAC_193,Homa Bay,Level 2,274,262,146,141,101,122,False,False,100,0,0,44.274809160305345,51.45985401459854,71.63120567375887,44.52554744525548
2025-07-01,FAC_194,Turkana,Level 2,292,249,290,187,194,155,True,False,50,1,3,-16.46586345381526,64.04109589041096,103.74331550802138,53.082191780821915
2025-07-01,FAC_195,Homa Bay,Level 2,247,199,120,112,80,83,False,False,100,0,1,39.698492462311556,45.34412955465587,71.42857142857143,33.603238866396765
2025-07-01,FAC_196,Kilifi,Level 3,326,286,146,152,131,136,False,False,100,0,3,48.95104895104895,46.62576687116564,86.18421052631578,41.717791411042946
2025-07-01,FAC_198,Nairobi,Level 2,171,157,99,112,127,108,False,False,100,0,4,36.94267515923567,65.49707602339181,113.39285714285714,63.1578947368421
2025-07-01,FAC_199,Turkana,Level 3,320,280,317,127,147,135,True,False,50,1,6,-13.214285714285715,39.6875,115.74803149606299,42.1875
2025-08-01,FAC_100,Machakos,Level 4,534,436,247,265,330,309,False,True,50,1,2,43.34862385321101,49.62546816479401,124.52830188679245,57.865168539325836
2025-08-01,FAC_101,Kilifi,Level 2,189,160,119,128,139,127,False,False,100,0,1,25.624999999999996,67.72486772486772,108.59375,67.1957671957672
2025-08-01,FAC_102,Homa Bay,Level 2,213,217,125,117,127,109,False,False,100,0,1,42.3963133640553,54.929577464788736,108.54700854700855,51.173708920187785
2025-08-01,FAC_103,Kilifi,Level 2,248,218,142,152,112,113,False,False,100,0,2,34.862385321100916,61.29032258064516,73.68421052631578,45.564516129032256
2025-08-01,FAC_104,Kilifi,Level 3,338,281,186,208,247,218,False,False,100,0,1,33.80782918149466,61.53846153846154,118.75,64.49704142011834
2025-08-01,FAC_105,Nairobi,Level 2,261,251,140,132,170,141,False,True,50,1,4,44.223107569721115,50.57471264367817,128.78787878787878,54.02298850574713
2025-08-01,FAC_106,Homa Bay,Level 4,578,487,219,246,188,185,False,False,100,0,1,55.03080082135524,42.56055363321799,76.42276422764228,32.00692041522492
2025-08-01,FAC_107,Homa Bay,Level 3,430,368,207,221,239,243,False,False,100,0,2,43.75,51.3953488372093,108.1447963800905,56.51162790697675
2025-08-01,FAC_108,Homa Bay,Level 2,285,259,172,194,240,244,False,True,50,1,2,33.59073359073359,68.0701754385965,123.71134020618557,85.6140350877193
2025-08-01,FAC_109,Kilifi,Level 3,373,308,341,153,147,137,True,False,50,1,2,-10.714285714285714,41.01876675603217,96.07843137254902,36.72922252010724
2025-08-01,FAC_110,Machakos,Level 2,212,199,103,89,103,89,False,False,100,0,2,48.24120603015075,41.9811320754717,115.73033707865167,41.9811320754717
2025-08-01,FAC_111,Homa Bay,Level 4,510,428,284,307,219,208,False,False,100,0,4,33.64485981308411,60.19607843137255,71.33550488599349,40.78431372549019
2025-08-01,FAC_112,Kilifi,Level 3,430,401,184,180,215,221,False,False,100,0,0,54.11471321695761,41.86046511627907,119.44444444444444,51.3953488372093
2025-08-01,FAC_113,Nairobi,Level 4,620,648,468,443,527,475,False,False,100,0,1,27.77777777777778,71.45161290322581,118.96162528216705,76.61290322580645
2025-08-01,FAC_114,Machakos,Level 3,319,290,191,142,109,91,False,False,100,0,1,34.13793103448276,44.5141065830721,76.76056338028168,28.526645768025077
2025-08-01,FAC_115,Nairobi,Level 4,516,511,381,329,250,255,False,False,100,0,3,25.440313111545986,63.759689922480625,75.98784194528876,49.41860465116279
2025-08-01,FAC_116,Machakos,Level 2,245,254,150,170,174,141,False,False,100,0,1,40.94488188976378,69.38775510204081,102.35294117647058,57.55102040816327
2025-08-01,FAC_117,Kilifi,Level 4,501,444,327,339,296,264,False,False,100,0,2,26.351351351351347,67.66467065868264,87.31563421828909,52.69461077844312
2025-08-01,FAC_118,Turkana,Level 2,289,265,124,140,162,140,False,False,100,0,2,53.20754716981132,48.44290657439446,115.71428571428572,48.44290657439446
2025-08-01,FAC_120,Nairobi,Level 2,172,151,106,109,102,86,False,False,100,0,1,29.80132450331126,63.372093023255815,93.57798165137615,50.0
2025-08-01,FAC_121,Kilifi,Level 4,561,462,277,251,184,150,False,False,100,0,1,40.04329004329004,44.741532976827095,73.30677290836654,26.737967914438503
2025-08-01,FAC_122,Machakos,Level 3,379,394,177,194,176,159,False,False,100,0,2,55.0761421319797,51.187335092348285,90.72164948453609,41.952506596306065
2025-08-01,FAC_123,Turkana,Level 2,282,280,166,141,112,117,False,False,100,0,4,40.714285714285715,50.0,79.43262411347519,41.48936170212766
2025-08-01,FAC_124,Turkana,Level 2,275,268,129,134,125,106,False,False,100,0,1,51.865671641791046,48.72727272727273,93.28358208955224,38.54545454545455
2025-08-01,FAC_125,Homa Bay,Level 3,302,249,160,150,143,125,False,False,100,0,4,35.7429718875502,49.668874172185426,95.33333333333334,41.390728476821195
2025-08-01,FAC_126,Homa Bay,Level 2,278,269,171,185,222,209,False,False,100,0,3,36.43122676579926,66.54676258992805,120.0,75.17985611510791
2025-08-01,FAC_127,Nairobi,Level 2,190,168,109,98,103,96,False,False,100,0,4,35.11904761904761,51.578947368421055,105.10204081632652,50.526315789473685
2025-08-01,FAC_128,Machakos,Level 2,197,191,96,85,83,76,False,False,100,0,1,49.73821989528796,43.14720812182741,97.6470588235294,38.578680203045685
2025-08-01,FAC_129,Machakos,Level 2,240,196,84,80,80,70,False,False,100,0,3,57.14285714285714,33.33333333333333,100.0,29.166666666666668
2025-08-01,FAC_130,Homa Bay,Level 3,399,330,203,184,200,167,False,False,100,0,0,38.484848484848484,46.11528822055138,108.69565217391303,41.854636591478695
2025-08-01,FAC_131,Machakos,Level 2,192,196,126,114,109,109,False,False,100,0,1,35.714285714285715,59.375,95.6140350877193,56.770833333333336
2025-08-01,FAC_132,Machakos,Level 2,178,143,102,100,115,119,False,False,100,0,1,28.671328671328673,56.17977528089888,114.99999999999999,66.85393258426966
2025-08-01,FAC_133,Turkana,Level 2,253,255,119,117,129,119,False,False,100,0,2,53.333333333333336,46.24505928853755,110.25641025641026,47.03557312252965
2025-08-01,FAC_136,Homa Bay,Level 2,213,215,250,133,162,163,True,True,0,1,3,-16.27906976744186,62.441314553990615,121.80451127819549,76.52582159624414
2025-08-01,FAC_137,Kilifi,Level 2,273,239,97,102,96,102,False,False,100,0,2,59.41422594142259,37.362637362637365,94.11764705882352,37.362637362637365
2025-08-01,FAC_138,Turkana,Level 2,266,261,111,102,125,125,False,True,50,1,1,57.47126436781609,38.34586466165413,122.54901960784315,46.99248120300752
2025-08-01,FAC_139,Nairobi,Level 2,224,218,100,91,96,88,False,False,100,0,2,54.12844036697248,40.625,105.4945054945055,39.285714285714285
2025-08-01,FAC_140,Machakos,Level 2,272,283,140,128,141,121,False,False,100,0,2,50.53003533568905,47.05882352941176,110.15625,44.48529411764706
2025-08-01,FAC_141,Turkana,Level 2,181,167,123,122,110,103,False,False,100,0,2,26.34730538922156,67.40331491712708,90.1639344262295,56.9060773480663
2025-08-01,FAC_142,Machakos,Level 2,270,260,191,207,234,203,False,False,100,0,2,26.53846153846154,76.66666666666667,113.04347826086956,75.18518518518519
2025-08-01,FAC_143,Nairobi,Level 4,581,586,264,263,189,160,False,False,100,0,2,54.94880546075085,45.26678141135972,71.86311787072243,27.538726333907054
2025-08-01,FAC_144,Nairobi,Level 3,459,455,248,282,275,236,False,False,100,0,3,45.494505494505496,61.43790849673203,97.51773049645391,51.4161220043573
2025-08-01,FAC_145,Turkana,Level 3,426,394,275,254,280,261,False,False,100,0,2,30.20304568527919,59.624413145539904,110.23622047244095,61.267605633802816
2025-08-01,FAC_146,Nairobi,Level 2,230,220,114,110,99,99,False,False,100,0,2,48.18181818181818,47.82608695652174,90.0,43.04347826086957
2025-08-01,FAC_147,Kilifi,Level 4,622,594,384,373,311,321,False,False,100,0,2,35.35353535353536,59.967845659163984,83.37801608579089,51.60771704180064
2025-08-01,FAC_148,Nairobi,Level 3,440,431,274,273,253,216,False,False,100,0,2,36.42691415313225,62.04545454545455,92.67399267399267,49.09090909090909
2025-08-01,FAC_149,Machakos,Level 2,209,169,117,130,154,137,False,False,100,0,4,30.76923076923077,62.20095693779905,118.46153846153847,65.55023923444976
2025-08-01,FAC_150,Machakos,Level 4,558,556,283,311,375,372,False,True,50,1,5,49.10071942446043,55.7347670250896,120.57877813504822,66.66666666666666
2025-08-01,FAC_151,Machakos,Level 2,247,252,174,149,161,130,False,False,100,0,3,30.952380952380953,60.32388663967612,108.0536912751678,52.63157894736842
2025-08-01,FAC_152,Machakos,Level 2,194,159,104,109,100,83,False,False,100,0,3,34.59119496855346,56.18556701030928,91.74311926605505,42.78350515463917
2025-08-01,FAC_153,Kilifi,Level 2,279,259,183,204,255,210,False,True,50,1,3,29.343629343629345,73.11827956989248,125.0,75.26881720430107
2025-08-01,FAC_154,Homa Bay,Level 3,376,305,159,171,185,153,False,False,100,0,0,47.868852459016395,45.47872340425532,108.18713450292398,40.691489361702125
2025-08-01,FAC_155,Turkana,Level 2,264,269,161,175,142,117,False,False,100,0,0,40.14869888475837,66.28787878787878,81.14285714285714,44.31818181818182
2025-08-01,FAC_156,Machakos,Level 2,295,298,150,157,112,109,False,False,100,0,4,49.664429530201346,53.22033898305085,71.3375796178344,36.94915254237288
2025-08-01,FAC_157,Nairobi,Level 3,297,261,193,193,243,226,False,True,50,1,2,26.053639846743295,64.98316498316498,125.90673575129534,76.0942760942761
2025-08-01,FAC_158,Machakos,Level 2,286,270,160,159,137,115,False,False,100,0,4,40.74074074074074,55.59440559440559,86.16352201257862,40.20979020979021
2025-08-01,FAC_159,Nairobi,Level 3,440,367,260,230,224,226,False,False,100,0,1,29.155313351498634,52.27272727272727,97.3913043478261,51.36363636363637
2025-08-01,FAC_160,Nairobi,Level 4,482,389,231,251,278,181,False,False,100,0,0,40.616966580976865,52.074688796680505,110.75697211155378,37.551867219917014
2025-08-01,FAC_161,Machakos,Level 3,407,370,184,159,125,121,False,False,100,0,1,50.27027027027027,39.06633906633907,78.61635220125787,29.72972972972973
2025-08-01,FAC_162,Kilifi,Level 2,250,211,92,103,75,67,False,False,100,0,3,56.39810426540285,41.199999999999996,72.81553398058253,26.8
2025-08-01,FAC_163,Nairobi,Level 3,397,412,220,244,253,235,False,False,100,0,3,46.601941747572816,61.46095717884131,103.68852459016394,59.19395465994962
2025-08-01,FAC_164,Nairobi,Level 2,252,210,113,137,132,107,False,False,100,0,1,46.19047619047619,54.36507936507936,96.35036496350365,42.46031746031746
2025-08-01,FAC_165,Machakos,Level 4,591,593,421,429,472,491,False,False,100,0,0,29.00505902192243,72.58883248730965,110.02331002331003,83.07952622673434
2025-08-01,FAC_166,Nairobi,Level 2,221,208,151,172,174,173,False,False,100,0,3,27.403846153846157,77.82805429864254,101.16279069767442,78.28054298642535
2025-08-01,FAC_167,Nairobi,Level 2,216,219,110,101,116,111,False,False,100,0,1,49.77168949771689,46.75925925925926,114.85148514851484,51.388888888888886
2025-08-01,FAC_168,Machakos,Level 2,172,149,92,86,80,81,False,False,100,0,1,38.25503355704698,50.0,93.02325581395348,47.093023255813954
2025-08-01,FAC_169,Machakos,Level 2,270,280,171,155,122,123,False,False,100,0,2,38.92857142857143,57.407407407407405,78.70967741935485,45.55555555555556
2025-08-01,FAC_170,Turkana,Level 3,457,417,264,254,328,282,False,True,50,1,3,36.69064748201439,55.57986870897156,129.13385826771653,61.70678336980306
2025-08-01,FAC_171,Kilifi,Level 2,261,248,140,134,140,133,False,False,100,0,1,43.54838709677419,51.34099616858238,104.4776119402985,50.95785440613027
2025-08-01,FAC_172,Kilifi,Level 3,335,313,203,224,281,237,False,True,50,1,3,35.14376996805112,66.86567164179105,125.44642857142858,70.74626865671641
2025-08-01,FAC_173,Nairobi,Level 2,179,179,73,76,62,63,False,False,100,0,1,59.217877094972074,42.45810055865922,81.57894736842105,35.19553072625698
2025-08-01,FAC_174,Kilifi,Level 4,486,477,265,233,195,198,False,False,100,0,1,44.44444444444444,47.94238683127572,83.69098712446352,40.74074074074074
2025-08-01,FAC_175,Nairobi,Level 4,482,415,287,255,265,239,False,False,100,0,5,30.843373493975907,52.9045643153527,103.921568627451,49.5850622406639
2025-08-01,FAC_176,Turkana,Level 2,166,133,79,76,61,55,False,False,100,0,2,40.6015037593985,45.78313253012048,80.26315789473685,33.13253012048193
2025-08-01,FAC_177,Machakos,Level 2,181,178,91,101,71,64,False,False,100,0,1,48.87640449438202,55.80110497237569,70.29702970297029,35.35911602209944
2025-08-01,FAC_178,Machakos,Level 3,368,303,175,174,198,177,False,False,100,0,2,42.244224422442244,47.28260869565217,113.79310344827587,48.09782608695652
2025-08-01,FAC_179,Machakos,Level 2,157,136,57,56,69,72,False,True,50,1,2,58.08823529411765,35.6687898089172,123.21428571428572,45.85987261146497
2025-08-01,FAC_180,Kilifi,Level 2,194,193,128,110,97,84,False,False,100,0,2,33.67875647668394,56.70103092783505,88.18181818181819,43.29896907216495
2025-08-01,FAC_181,Turkana,Level 2,198,194,106,109,126,114,False,False,100,0,3,45.36082474226804,55.05050505050505,115.59633027522935,57.57575757575758
2025-08-01,FAC_182,Kilifi,Level 4,544,567,234,220,237,195,False,False,100,0,2,58.730158730158735,40.44117647058824,107.72727272727273,35.845588235294116
2025-08-01,FAC_183,Kilifi,Level 3,343,302,329,198,180,188,True,False,50,1,3,-8.940397350993377,57.7259475218659,90.9090909090909,54.81049562682215
2025-08-01,FAC_184,Turkana,Level 4,502,427,192,219,283,282,False,True,50,1,2,55.0351288056206,43.625498007968126,129.22374429223743,56.17529880478087
2025-08-01,FAC_185,Turkana,Level 4,524,510,344,386,473,496,False,True,50,1,2,32.549019607843135,73.66412213740458,122.53886010362693,94.65648854961832
2025-08-01,FAC_186,Turkana,Level 4,551,576,411,352,391,371,False,False,100,0,3,28.645833333333332,63.883847549909255,111.07954545454545,67.33212341197822
2025-08-01,FAC_187,Turkana,Level 2,210,168,69,65,61,49,False,False,100,0,3,58.92857142857143,30.952380952380953,93.84615384615384,23.333333333333332
2025-08-01,FAC_188,Machakos,Level 2,178,162,82,77,92,80,False,False,100,0,2,49.382716049382715,43.258426966292134,119.48051948051948,44.9438202247191
2025-08-01,FAC_189,Homa Bay,Level 2,211,200,119,123,105,91,False,False,100,0,1,40.5,58.29383886255924,85.36585365853658,43.127962085308056
2025-08-01,FAC_190,Homa Bay,Level 3,396,414,180,156,186,153,False,False,100,0,4,56.52173913043478,39.39393939393939,119.23076923076923,38.63636363636363
2025-08-01,FAC_191,Turkana,Level 2,272,244,142,133,157,136,False,False,100,0,2,41.80327868852459,48.89705882352941,118.04511278195488,50.0
2025-08-01,FAC_192,Homa Bay,Level 3,378,358,200,182,128,127,False,False,100,0,3,44.134078212290504,48.148148148148145,70.32967032967034,33.5978835978836
2025-08-01,FAC_193,Homa Bay,Level 2,272,271,191,206,177,177,False,False,100,0,0,29.520295202952028,75.73529411764706,85.92233009708737,65.07352941176471
2025-08-01,FAC_194,Turkana,Level 2,291,297,129,140,120,110,False,False,100,0,3,56.56565656565656,48.10996563573883,85.71428571428571,37.80068728522337
2025-08-01,FAC_195,Homa Bay,Level 2,258,265,166,158,127,122,False,False,100,0,1,37.35849056603773,61.240310077519375,80.37974683544303,47.286821705426355
2025-08-01,FAC_196,Kilifi,Level 3,339,304,221,188,158,158,False,False,100,0,3,27.302631578947366,55.45722713864307,84.04255319148936,46.607669616519175
2025-08-01,FAC_197,Nairobi,Level 3,345,281,144,146,166,154,False,False,100,0,1,48.754448398576514,42.31884057971014,113.69863013698631,44.63768115942029
2025-08-01,FAC_198,Nairobi,Level 2,179,176,125,126,119,120,False,False,100,0,4,28.97727272727273,70.39106145251397,94.44444444444444,67.0391061452514
2025-08-01,FAC_199,Turkana,Level 3,303,284,126,141,133,131,False,False,100,0,6,55.633802816901415,46.53465346534654,94.32624113475178,43.23432343234324
2025-09-01,FAC_100,Machakos,Level 4,534,478,350,398,380,322,False,False,100,0,2,26.778242677824267,74.53183520599251,95.47738693467338,60.2996254681648
2025-09-01,FAC_101,Kilifi,Level 2,187,150,85,91,80,80,False,False,100,0,1,43.333333333333336,48.663101604278076,87.91208791208791,42.780748663101605
2025-09-01,FAC_103,Kilifi,Level 2,260,209,108,100,120,96,False,False,100,0,2,48.32535885167464,38.46153846153847,120.0,36.92307692307693
2025-09-01,FAC_104,Kilifi,Level 3,333,332,148,153,170,153,False,False,100,0,1,55.42168674698795,45.94594594594595,111.11111111111111,45.94594594594595
2025-09-01,FAC_105,Nairobi,Level 2,238,223,144,135,157,139,False,False,100,0,4,35.42600896860987,56.72268907563025,116.2962962962963,58.40336134453782
2025-09-01,FAC_106,Homa Bay,Level 4,602,497,321,356,276,267,False,False,100,0,1,35.412474849094565,59.136212624584715,77.52808988764045,44.35215946843854
2025-09-01,FAC_107,Homa Bay,Level 3,450,465,534,176,227,216,True,True,0,1,2,-14.838709677419354,39.111111111111114,128.97727272727272,48.0
2025-09-01,FAC_108,Homa Bay,Level 2,290,297,220,195,101,145,False,False,100,0,2,25.925925925925924,67.24137931034483,51.7948717948718,50.0
2025-09-01,FAC_109,Kilifi,Level 3,382,400,233,221,198,159,False,False,100,0,2,41.75,57.85340314136126,89.59276018099548,41.62303664921466
2025-09-01,FAC_110,Machakos,Level 2,206,182,119,127,132,128,False,False,100,0,2,34.61538461538461,61.6504854368932,103.93700787401573,62.13592233009708
2025-09-01,FAC_111,Homa Bay,Level 4,496,492,271,268,328,328,False,True,50,1,4,44.918699186991866,54.03225806451613,122.38805970149254,66.12903225806451
2025-09-01,FAC_112,Kilifi,Level 3,440,392,171,195,221,228,False,False,100,0,0,56.37755102040817,44.31818181818182,113.33333333333333,51.81818181818182
2025-09-01,FAC_113,Nairobi,Level 4,582,490,295,318,303,242,False,False,100,0,1,39.795918367346935,54.63917525773196,95.28301886792453,41.580756013745706
2025-09-01,FAC_114,Machakos,Level 3,321,292,142,125,91,72,False,False,100,0,1,51.369863013698634,38.940809968847354,72.8,22.429906542056074
2025-09-01,FAC_115,Nairobi,Level 4,517,502,264,227,212,211,False,False,100,0,3,47.410358565737056,43.907156673114116,93.3920704845815,40.81237911025145
2025-09-01,FAC_116,Machakos,Level 2,229,240,104,92,82,69,False,False,100,0,1,56.666666666666664,40.174672489082965,89.13043478260869,30.131004366812224
2025-09-01,FAC_117,Kilifi,Level 4,471,414,252,250,297,242,False,False,100,0,2,39.130434782608695,53.07855626326964,118.8,51.38004246284501
2025-09-01,FAC_118,Turkana,Level 2,293,281,124,132,106,90,False,False,100,0,2,55.871886120996436,45.051194539249146,80.3030303030303,30.716723549488055
2025-09-01,FAC_119,Machakos,Level 2,264,219,156,174,168,152,False,False,100,0,3,28.767123287671232,65.9090909090909,96.55172413793103,57.57575757575758
2025-09-01,FAC_120,Nairobi,Level 2,185,186,136,124,88,80,False,False,100,0,1,26.881720430107524,67.02702702702703,70.96774193548387,43.24324324324324
2025-09-01,FAC_121,Kilifi,Level 4,581,575,429,466,498,521,False,False,100,0,1,25.39130434782609,80.20654044750431,106.86695278969958,89.67297762478485
2025-09-01,FAC_122,Machakos,Level 3,407,364,155,134,102,86,False,False,100,0,2,57.417582417582416,32.923832923832926,76.11940298507463,21.13022113022113
2025-09-01,FAC_123,Turkana,Level 2,269,260,168,188,144,121,False,False,100,0,4,35.38461538461539,69.88847583643123,76.59574468085107,44.98141263940521
2025-09-01,FAC_124,Turkana,Level 2,267,232,106,109,114,95,False,False,100,0,1,54.310344827586206,40.823970037453186,104.58715596330275,35.580524344569284
2025-09-01,FAC_125,Homa Bay,Level 3,313,253,165,145,139,144,False,False,100,0,4,34.78260869565217,46.325878594249204,95.86206896551724,46.00638977635783
2025-09-01,FAC_126,Homa Bay,Level 2,295,261,185,186,101,243,False,False,100,0,3,29.118773946360154,63.05084745762712,54.3010752688172,82.37288135593221
2025-09-01,FAC_127,Nairobi,Level 2,204,196,144,141,104,95,False,False,100,0,4,26.53061224489796,69.11764705882352,73.75886524822694,46.568627450980394
2025-09-01,FAC_128,Machakos,Level 2,207,180,89,79,71,62,False,False,100,0,1,50.55555555555556,38.164251207729464,89.87341772151899,29.951690821256037
2025-09-01,FAC_129,Machakos,Level 2,246,238,153,151,192,190,False,True,50,1,3,35.714285714285715,61.382113821138205,127.15231788079471,77.23577235772358
2025-09-01,FAC_130,Homa Bay,Level 3,394,372,195,212,195,171,False,False,100,0,0,47.58064516129033,53.80710659898477,91.98113207547169,43.401015228426395
2025-09-01,FAC_131,Machakos,Level 2,207,209,114,96,97,85,False,False,100,0,1,45.45454545454545,46.3768115942029,101.04166666666667,41.06280193236715
2025-09-01,FAC_132,Machakos,Level 2,196,200,102,109,101,92,False,False,100,0,1,49.0,55.61224489795919,92.66055045871559,46.93877551020408
2025-09-01,FAC_133,Turkana,Level 2,269,233,270,128,144,116,True,False,50,1,2,-15.879828326180256,47.58364312267658,112.5,43.12267657992565
2025-09-01,FAC_134,Homa Bay,Level 2,222,196,128,111,127,103,False,False,100,0,2,34.69387755102041,50.0,114.41441441441442,46.3963963963964
2025-09-01,FAC_135,Kilifi,Level 2,147,153,77,71,87,83,False,True,50,1,3,49.673202614379086,48.29931972789115,122.53521126760563,56.4625850340136
2025-09-01,FAC_136,Homa Bay,Level 2,207,175,121,129,143,141,False,False,100,0,3,30.857142857142854,62.31884057971014,110.85271317829456,68.11594202898551
2025-09-01,FAC_137,Kilifi,Level 2,266,233,143,125,89,72,False,False,100,0,2,38.62660944206009,46.99248120300752,71.2,27.06766917293233
2025-09-01,FAC_138,Turkana,Level 2,283,263,177,171,169,139,False,False,100,0,1,32.69961977186312,60.42402826855123,98.83040935672514,49.11660777385159
2025-09-01,FAC_139,Nairobi,Level 2,209,207,84,73,86,88,False,False,100,0,2,59.42028985507246,34.92822966507177,117.8082191780822,42.10526315789473
2025-09-01,FAC_140,Machakos,Level 2,267,242,280,109,116,119,True,False,50,1,2,-15.702479338842975,40.823970037453186,106.42201834862387,44.569288389513105
2025-09-01,FAC_141,Turkana,Level 2,179,159,124,130,126,127,False,False,100,0,2,22.0125786163522,72.62569832402235,96.92307692307692,70.94972067039106
2025-09-01,FAC_142,Machakos,Level 2,264,228,119,118,138,133,False,False,100,0,2,47.80701754385965,44.696969696969695,116.94915254237289,50.378787878787875
2025-09-01,FAC_143,Nairobi,Level 4,589,528,326,286,267,240,False,False,100,0,2,38.25757575757576,48.55687606112054,93.35664335664336,40.74702886247878
2025-09-01,FAC_144,Nairobi,Level 3,433,449,294,321,249,252,False,False,100,0,3,34.521158129175944,74.13394919168591,77.57009345794393,58.198614318706696
2025-09-01,FAC_145,Turkana,Level 3,435,439,193,219,200,163,False,False,100,0,2,56.03644646924829,50.3448275862069,91.32420091324201,37.47126436781609
2025-09-01,FAC_146,Nairobi,Level 2,238,207,101,98,125,121,False,True,50,1,2,51.20772946859904,41.17647058823529,127.55102040816327,50.84033613445378
2025-09-01,FAC_147,Kilifi,Level 4,595,522,245,240,193,163,False,False,100,0,2,53.06513409961686,40.33613445378151,80.41666666666667,27.39495798319328
2025-09-01,FAC_148,Nairobi,Level 3,438,422,217,190,168,138,False,False,100,0,2,48.5781990521327,43.37899543378995,88.42105263157895,31.506849315068493
2025-09-01,FAC_149,Machakos,Level 2,206,205,120,107,112,115,False,False,100,0,4,41.46341463414634,51.94174757281553,104.67289719626167,55.8252427184466
2025-09-01,FAC_150,Machakos,Level 4,551,491,539,285,340,346,True,False,50,1,5,-9.775967413441954,51.724137931034484,119.29824561403508,62.794918330308526
2025-09-01,FAC_151,Machakos,Level 2,252,211,111,108,112,114,False,False,100,0,3,47.39336492890995,42.857142857142854,103.7037037037037,45.23809523809524
2025-09-01,FAC_152,Machakos,Level 2,191,183,79,80,103,98,False,True,50,1,3,56.830601092896174,41.8848167539267,128.75,51.30890052356021
2025-09-01,FAC_153,Kilifi,Level 2,285,258,145,162,166,173,False,False,100,0,3,43.798449612403104,56.84210526315789,102.46913580246914,60.70175438596491
2025-09-01,FAC_154,Homa Bay,Level 3,359,366,192,187,192,180,False,False,100,0,0,47.540983606557376,52.089136490250695,102.67379679144386,50.13927576601671
2025-09-01,FAC_155,Turkana,Level 2,280,252,158,179,178,147,False,False,100,0,0,37.301587301587304,63.92857142857142,99.4413407821229,52.5
2025-09-01,FAC_156,Machakos,Level 2,285,295,168,143,112,182,False,False,100,0,4,43.050847457627114,50.175438596491226,78.32167832167832,63.859649122807014
2025-09-01,FAC_157,Nairobi,Level 3,312,251,105,105,107,86,False,False,100,0,2,58.16733067729084,33.65384615384615,101.9047619047619,27.564102564102566
2025-09-01,FAC_158,Machakos,Level 2,285,256,183,209,256,230,False,True,50,1,4,28.515625,73.33333333333333,122.48803827751196,80.7017543859649
2025-09-01,FAC_159,Nairobi,Level 3,421,400,458,198,173,138,True,False,50,1,1,-14.499999999999998,47.03087885985748,87.37373737373737,32.779097387173394
2025-09-01,FAC_160,Nairobi,Level 4,498,455,237,257,279,275,False,False,100,0,0,47.91208791208791,51.606425702811244,108.56031128404669,55.22088353413655
2025-09-01,FAC_161,Machakos,Level 3,403,386,222,244,279,282,False,False,100,0,1,42.487046632124354,60.545905707196034,114.34426229508196,69.97518610421837
2025-09-01,FAC_162,Kilifi,Level 2,263,264,168,179,226,227,False,True,50,1,3,36.36363636363637,68.06083650190115,126.25698324022345,86.31178707224335
2025-09-01,FAC_163,Nairobi,Level 3,417,377,170,170,218,189,False,True,50,1,3,54.907161803713535,40.7673860911271,128.23529411764707,45.32374100719424
2025-09-01,FAC_164,Nairobi,Level 2,246,214,97,89,101,81,False,False,100,0,1,54.67289719626168,36.17886178861789,113.48314606741575,32.926829268292686
2025-09-01,FAC_165,Machakos,Level 4,620,605,400,433,519,462,False,False,100,0,0,33.88429752066116,69.83870967741936,119.86143187066975,74.51612903225806
2025-09-01,FAC_166,Nairobi,Level 2,229,225,98,90,104,72,False,False,100,0,3,56.44444444444444,39.30131004366812,115.55555555555554,31.4410480349345
2025-09-01,FAC_167,Nairobi,Level 2,217,222,154,132,134,130,False,False,100,0,1,30.630630630630627,60.82949308755761,101.51515151515152,59.907834101382484
2025-09-01,FAC_168,Machakos,Level 2,174,154,119,94,90,82,False,False,100,0,1,22.727272727272727,54.02298850574713,95.74468085106383,47.12643678160919
2025-09-01,FAC_169,Machakos,Level 2,266,235,119,179,163,143,False,False,100,0,2,49.361702127659576,67.29323308270678,91.06145251396647,53.75939849624061
2025-09-01,FAC_170,Turkana,Level 3,428,424,242,216,222,219,False,False,100,0,3,42.924528301886795,50.467289719626166,102.77777777777777,51.16822429906542
2025-09-01,FAC_171,Kilifi,Level 2,254,245,149,128,137,119,False,False,100,0,1,39.183673469387756,50.39370078740157,107.03125,46.8503937007874
2025-09-01,FAC_172,Kilifi,Level 3,319,274,169,192,215,179,False,False,100,0,3,38.32116788321168,60.18808777429467,111.97916666666667,56.112852664576806
2025-09-01,FAC_173,Nairobi,Level 2,193,182,76,64,74,71,False,False,100,0,1,58.24175824175825,33.160621761658035,115.625,36.787564766839374
2025-09-01,FAC_174,Kilifi,Level 4,514,456,230,196,146,121,False,False,100,0,1,49.56140350877193,38.13229571984436,74.48979591836735,23.540856031128403
2025-09-01,FAC_176,Turkana,Level 2,162,150,86,96,92,96,False,False,100,0,2,42.66666666666667,59.25925925925925,95.83333333333334,59.25925925925925
2025-09-01,FAC_177,Machakos,Level 2,176,151,104,114,129,130,False,False,100,0,1,31.125827814569533,64.77272727272727,113.1578947368421,73.86363636363636
2025-09-01,FAC_178,Machakos,Level 3,364,356,170,191,197,165,False,False,100,0,2,52.24719101123596,52.472527472527474,103.1413612565445,45.32967032967033
2025-09-01,FAC_179,Machakos,Level 2,157,162,118,119,108,86,False,False,100,0,2,27.160493827160494,75.79617834394905,90.75630252100841,54.77707006369427
2025-09-01,FAC_180,Kilifi,Level 2,191,171,78,73,77,71,False,False,100,0,2,54.385964912280706,38.21989528795812,105.47945205479452,37.17277486910995
2025-09-01,FAC_181,Turkana,Level 2,191,160,172,82,100,97,True,True,0,1,3,-7.5,42.93193717277487,121.95121951219512,50.78534031413613
2025-09-01,FAC_182,Kilifi,Level 4,531,428,493,259,332,315,True,True,0,1,2,-15.186915887850466,48.7758945386064,128.1853281853282,59.32203389830508
2025-09-01,FAC_183,Kilifi,Level 3,347,334,192,163,172,174,False,False,100,0,3,42.51497005988024,46.97406340057637,105.52147239263803,50.14409221902017
2025-09-01,FAC_184,Turkana,Level 4,506,418,197,214,157,152,False,False,100,0,2,52.87081339712919,42.29249011857708,73.36448598130842,30.039525691699602
2025-09-01,FAC_186,Turkana,Level 4,554,555,273,299,386,362,False,True,50,1,3,50.810810810810814,53.97111913357401,129.09698996655518,65.34296028880865
2025-09-01,FAC_187,Turkana,Level 2,221,219,243,140,126,125,True,False,50,1,3,-10.95890410958904,63.348416289592755,90.0,56.56108597285068
2025-09-01,FAC_188,Machakos,Level 2,181,179,121,109,104,97,False,False,100,0,2,32.402234636871505,60.22099447513812,95.41284403669725,53.591160220994475
2025-09-01,FAC_189,Homa Bay,Level 2,198,166,106,111,102,88,False,False,100,0,1,36.144578313253014,56.060606060606055,91.8918918918919,44.44444444444444
2025-09-01,FAC_190,Homa Bay,Level 3,407,363,234,247,248,226,False,False,100,0,4,35.53719008264463,60.68796068796068,100.40485829959513,55.528255528255535
2025-09-01,FAC_191,Turkana,Level 2,266,219,124,153,158,128,False,False,100,0,2,43.37899543378995,57.5187969924812,103.26797385620917,48.1203007518797
2025-09-01,FAC_192,Homa Bay,Level 3,398,374,219,196,151,149,False,False,100,0,3,41.44385026737968,49.246231155778894,77.04081632653062,37.437185929648244
2025-09-01,FAC_193,Homa Bay,Level 2,287,236,158,162,141,136,False,False,100,0,0,33.05084745762712,56.44599303135889,87.03703703703704,47.386759581881535
2025-09-01,FAC_194,Turkana,Level 2,267,271,156,149,115,93,False,False,100,0,3,42.435424354243544,55.80524344569289,77.18120805369128,34.831460674157306
2025-09-01,FAC_195,Homa Bay,Level 2,240,223,119,126,136,142,False,False,100,0,1,46.63677130044843,52.5,107.93650793650794,59.166666666666664
2025-09-01,FAC_196,Kilifi,Level 3,339,327,186,182,235,242,False,True,50,1,3,43.11926605504588,53.687315634218294,129.12087912087912,71.38643067846607
2025-09-01,FAC_197,Nairobi,Level 3,354,309,162,172,150,141,False,False,100,0,1,47.57281553398058,48.58757062146893,87.20930232558139,39.83050847457627
2025-09-01,FAC_198,Nairobi,Level 2,179,151,103,116,106,107,False,False,100,0,4,31.788079470198678,64.80446927374301,91.37931034482759,59.77653631284916
2025-09-01,FAC_199,Turkana,Level 3,316,318,207,178,224,218,False,True,50,1,6,34.90566037735849,56.32911392405063,125.84269662921348,68.9873417721519
2025-10-01,FAC_100,Machakos,Level 4,517,508,301,342,247,220,False,False,100,0,2,40.74803149606299,66.15087040618955,72.22222222222221,42.5531914893617
2025-10-01,FAC_101,Kilifi,Level 2,188,123,88,63,73,67,False,False,100,0,1,28.455284552845526,33.51063829787234,115.87301587301589,35.638297872340424
2025-10-01,FAC_102,Homa Bay,Level 2,207,173,95,74,83,83,False,False,100,0,1,45.08670520231214,35.748792270531396,112.16216216216218,40.09661835748793
2025-10-01,FAC_103,Kilifi,Level 2,249,181,107,78,74,75,False,False,100,0,2,40.88397790055249,31.32530120481928,94.87179487179486,30.120481927710845
2025-10-01,FAC_104,Kilifi,Level 3,336,279,136,115,127,109,False,False,100,0,1,51.25448028673835,34.226190476190474,110.43478260869566,32.44047619047619
2025-10-01,FAC_105,Nairobi,Level 2,257,228,166,170,122,102,False,False,100,0,4,27.192982456140353,66.14785992217898,71.76470588235294,39.688715953307394
2025-10-01,FAC_106,Homa Bay,Level 4,554,455,211,190,206,180,False,False,100,0,1,53.62637362637363,34.29602888086642,108.42105263157895,32.49097472924188
2025-10-01,FAC_107,Homa Bay,Level 3,429,278,202,144,143,124,False,False,100,0,2,27.33812949640288,33.56643356643357,99.30555555555556,28.904428904428904
2025-10-01,FAC_108,Homa Bay,Level 2,279,172,115,90,101,87,False,False,100,0,2,33.13953488372093,32.25806451612903,112.22222222222223,31.182795698924732
2025-10-01,FAC_109,Kilifi,Level 3,376,230,146,121,101,88,False,False,100,0,2,36.52173913043478,32.180851063829785,83.47107438016529,23.404255319148938
2025-10-01,FAC_110,Machakos,Level 2,213,215,122,134,137,114,False,False,100,0,2,43.25581395348837,62.91079812206573,102.23880597014924,53.52112676056338
2025-10-01,FAC_111,Homa Bay,Level 4,482,371,200,176,221,197,False,True,50,1,4,46.091644204851754,36.51452282157676,125.56818181818181,40.871369294605806
2025-10-01,FAC_112,Kilifi,Level 3,409,308,157,115,135,129,False,False,100,0,0,49.02597402597403,28.117359413202937,117.3913043478261,31.54034229828851
2025-10-01,FAC_113,Nairobi,Level 4,611,557,320,315,268,222,False,False,100,0,1,42.549371633752244,51.55482815057283,85.07936507936508,36.33387888707038
2025-10-01,FAC_114,Machakos,Level 3,320,319,191,137,106,95,False,False,100,0,1,40.12539184952978,42.8125,77.37226277372264,29.6875
2025-10-01,FAC_115,Nairobi,Level 4,501,430,239,222,226,227,False,False,100,0,3,44.41860465116279,44.31137724550898,101.8018018018018,45.309381237524946
2025-10-01,FAC_116,Machakos,Level 2,228,228,151,173,148,127,False,False,100,0,1,33.771929824561404,75.87719298245614,85.54913294797689,55.70175438596491
2025-10-01,FAC_117,Kilifi,Level 4,478,388,232,178,148,143,False,False,100,0,2,40.20618556701031,37.238493723849366,83.14606741573034,29.916317991631797
2025-10-01,FAC_118,Turkana,Level 2,291,236,117,110,110,110,False,False,100,0,2,50.42372881355932,37.80068728522337,100.0,37.80068728522337
2025-10-01,FAC_119,Machakos,Level 2,260,247,139,151,193,176,False,True,50,1,3,43.7246963562753,58.07692307692308,127.81456953642385,67.6923076923077
2025-10-01,FAC_120,Nairobi,Level 2,181,145,85,72,84,72,False,False,100,0,1,41.37931034482759,39.77900552486188,116.66666666666667,39.77900552486188
2025-10-01,FAC_121,Kilifi,Level 4,592,467,251,185,208,195,False,False,100,0,1,46.25267665952891,31.25,112.43243243243244,32.939189189189186
2025-10-01,FAC_122,Machakos,Level 3,402,416,218,225,224,234,False,False,100,0,2,47.59615384615385,55.970149253731336,99.55555555555556,58.2089552238806
2025-10-01,FAC_124,Turkana,Level 2,261,193,102,86,67,59,False,False,100,0,1,47.15025906735752,32.95019157088122,77.90697674418605,22.60536398467433
2025-10-01,FAC_125,Homa Bay,Level 3,307,224,158,114,96,91,False,False,100,0,4,29.464285714285715,37.13355048859935,84.21052631578947,29.64169381107492
2025-10-01,FAC_126,Homa Bay,Level 2,283,190,130,108,108,102,False,False,100,0,3,31.57894736842105,38.16254416961131,100.0,36.042402826855124
2025-10-01,FAC_127,Nairobi,Level 2,192,179,184,126,149,128,True,False,50,1,4,-2.793296089385475,65.625,118.25396825396825,66.66666666666666
2025-10-01,FAC_128,Machakos,Level 2,215,176,118,120,112,135,False,False,100,0,1,32.95454545454545,55.81395348837209,93.33333333333333,62.7906976744186
2025-10-01,FAC_129,Machakos,Level 2,256,250,290,167,183,161,True,False,50,1,3,-16.0,65.234375,109.5808383233533,62.890625
2025-10-01,FAC_130,Homa Bay,Level 3,395,273,182,128,130,116,False,False,100,0,0,33.33333333333333,32.40506329113924,101.5625,29.367088607594937
2025-10-01,FAC_131,Machakos,Level 2,197,158,68,58,61,50,False,False,100,0,1,56.9620253164557,29.441624365482234,105.17241379310344,25.380710659898476
2025-10-01,FAC_132,Machakos,Level 2,184,188,117,104,124,99,False,False,100,0,1,37.765957446808514,56.52173913043478,119.23076923076923,53.80434782608695
2025-10-01,FAC_133,Turkana,Level 2,274,202,124,75,64,65,False,False,100,0,2,38.613861386138616,27.37226277372263,85.33333333333334,23.722627737226276
2025-10-01,FAC_135,Kilifi,Level 2,152,102,46,35,96,31,False,True,50,1,3,54.90196078431373,23.026315789473685,274.2857142857143,20.394736842105264
2025-10-01,FAC_136,Homa Bay,Level 2,204,123,83,55,52,46,False,False,100,0,3,32.52032520325203,26.96078431372549,94.54545454545455,22.54901960784314
2025-10-01,FAC_137,Kilifi,Level 2,272,189,119,99,96,83,False,False,100,0,2,37.03703703703704,36.39705882352941,96.96969696969697,30.514705882352942
2025-10-01,FAC_138,Turkana,Level 2,288,211,93,65,68,65,False,False,100,0,1,55.92417061611374,22.569444444444446,104.61538461538463,22.569444444444446
2025-10-01,FAC_139,Nairobi,Level 2,221,213,242,85,63,50,True,False,50,1,2,-13.615023474178404,38.46153846153847,74.11764705882354,22.624434389140273
2025-10-01,FAC_140,Machakos,Level 2,266,260,119,121,127,108,False,False,100,0,2,54.230769230769226,45.48872180451128,104.95867768595042,40.6015037593985
2025-10-01,FAC_141,Turkana,Level 2,179,157,92,70,50,40,False,False,100,0,2,41.40127388535032,39.10614525139665,71.42857142857143,22.3463687150838
2025-10-01,FAC_142,Machakos,Level 2,255,223,153,141,153,132,False,False,100,0,2,31.390134529147986,55.294117647058826,108.51063829787233,51.76470588235295
2025-10-01,FAC_143,Nairobi,Level 4,615,619,309,305,392,330,False,True,50,1,2,50.080775444264944,49.59349593495935,128.52459016393442,53.65853658536586
2025-10-01,FAC_145,Turkana,Level 3,411,242,147,111,82,67,False,False,100,0,2,39.25619834710744,27.00729927007299,73.87387387387388,16.30170316301703
2025-10-01,FAC_146,Nairobi,Level 2,233,188,101,99,118,97,False,False,100,0,2,46.27659574468085,42.48927038626609,119.19191919191918,41.63090128755365
2025-10-01,FAC_147,Kilifi,Level 4,621,439,217,173,212,214,False,True,50,1,2,50.56947608200456,27.858293075684383,122.54335260115607,34.46054750402576
2025-10-01,FAC_148,Nairobi,Level 3,455,365,202,201,178,181,False,False,100,0,2,44.657534246575345,44.175824175824175,88.55721393034825,39.78021978021978
2025-10-01,FAC_149,Machakos,Level 2,198,193,87,78,112,89,False,True,50,1,4,54.92227979274611,39.39393939393939,143.5897435897436,44.94949494949495
2025-10-01,FAC_150,Machakos,Level 4,572,467,270,291,318,289,False,False,100,0,5,42.184154175588866,50.87412587412587,109.27835051546391,50.52447552447552
2025-10-01,FAC_151,Machakos,Level 2,244,250,262,117,118,117,True,False,50,1,3,-4.8,47.950819672131146,100.85470085470085,47.950819672131146
2025-10-01,FAC_152,Machakos,Level 2,197,158,76,84,82,73,False,False,100,0,3,51.89873417721519,42.63959390862944,97.61904761904762,37.055837563451774
2025-10-01,FAC_153,Kilifi,Level 2,299,187,135,93,91,93,False,False,100,0,3,27.807486631016044,31.103678929765888,97.84946236559139,31.103678929765888
2025-10-01,FAC_154,Homa Bay,Level 3,356,274,201,156,136,139,False,False,100,0,0,26.642335766423358,43.82022471910113,87.17948717948718,39.04494382022472
2025-10-01,FAC_156,Machakos,Level 2,297,296,138,121,121,101,False,False,100,0,4,53.37837837837838,40.74074074074074,100.0,34.00673400673401
2025-10-01,FAC_158,Machakos,Level 2,296,274,201,213,266,237,False,True,50,1,4,26.642335766423358,71.95945945945947,124.88262910798123,80.06756756756756
2025-10-01,FAC_159,Nairobi,Level 3,420,378,266,274,211,171,False,False,100,0,1,29.629629629629626,65.23809523809524,77.00729927007299,40.714285714285715
2025-10-01,FAC_160,Nairobi,Level 4,506,469,300,293,279,233,False,False,100,0,0,36.034115138592746,57.905138339920946,95.22184300341297,46.047430830039524
2025-10-01,FAC_161,Machakos,Level 3,407,399,170,145,185,169,False,True,50,1,1,57.393483709273184,35.62653562653563,127.58620689655173,41.52334152334152
2025-10-01,FAC_162,Kilifi,Level 2,247,170,86,56,69,64,False,True,50,1,3,49.411764705882355,22.672064777327936,123.21428571428572,25.910931174089068
2025-10-01,FAC_163,Nairobi,Level 3,398,368,233,233,298,308,False,True,50,1,3,36.684782608695656,58.5427135678392,127.89699570815452,77.38693467336684
2025-10-01,FAC_164,Nairobi,Level 2,241,231,126,125,88,86,False,False,100,0,1,45.45454545454545,51.867219917012456,70.39999999999999,35.684647302904565
2025-10-01,FAC_165,Machakos,Level 4,573,532,357,320,288,270,False,False,100,0,0,32.89473684210527,55.846422338568935,90.0,47.12041884816754
2025-10-01,FAC_166,Nairobi,Level 2,225,227,115,112,127,117,False,False,100,0,3,49.33920704845815,49.77777777777778,113.39285714285714,52.0
2025-10-01,FAC_167,Nairobi,Level 2,215,196,113,118,107,103,False,False,100,0,1,42.3469387755102,54.88372093023256,90.67796610169492,47.906976744186046
2025-10-01,FAC_168,Machakos,Level 2,172,152,102,116,98,80,False,False,100,0,1,32.89473684210527,67.44186046511628,84.48275862068965,46.51162790697674
2025-10-01,FAC_169,Machakos,Level 2,263,258,162,154,183,148,False,False,100,0,2,37.2093023255814,58.55513307984791,118.83116883116882,56.27376425855514
2025-10-01,FAC_170,Turkana,Level 3,458,287,183,136,116,93,False,False,100,0,3,36.23693379790941,29.694323144104807,85.29411764705883,20.305676855895197
2025-10-01,FAC_172,Kilifi,Level 3,318,185,116,70,49,40,False,False,100,0,3,37.2972972972973,22.0125786163522,70.0,12.578616352201259
2025-10-01,FAC_173,Nairobi,Level 2,186,181,127,120,93,79,False,False,100,0,1,29.83425414364641,64.51612903225806,77.5,42.473118279569896
2025-10-01,FAC_174,Kilifi,Level 4,490,328,265,104,88,84,False,False,100,0,1,19.20731707317073,21.224489795918366,84.61538461538461,17.142857142857142
2025-10-01,FAC_175,Nairobi,Level 4,493,488,198,184,200,196,False,False,100,0,5,59.42622950819673,37.32251521298174,108.69565217391303,39.75659229208925
2025-10-01,FAC_178,Machakos,Level 3,362,325,344,182,193,198,True,False,50,1,2,-5.846153846153846,50.27624309392266,106.04395604395604,54.69613259668509
2025-10-01,FAC_179,Machakos,Level 2,150,124,92,89,106,102,False,False,100,0,2,25.806451612903224,59.333333333333336,119.10112359550563,68.0
2025-10-01,FAC_180,Kilifi,Level 2,200,113,80,60,72,74,False,False,100,0,2,29.20353982300885,30.0,120.0,37.0
2025-10-01,FAC_181,Turkana,Level 2,188,127,75,65,73,70,False,False,100,0,3,40.94488188976378,34.57446808510639,112.3076923076923,37.234042553191486
2025-10-01,FAC_182,Kilifi,Level 4,562,401,241,163,162,146,False,False,100,0,2,39.900249376558605,29.00355871886121,99.38650306748467,25.97864768683274
2025-10-01,FAC_183,Kilifi,Level 3,346,282,134,101,87,73,False,False,100,0,3,52.4822695035461,29.190751445086704,86.13861386138613,21.09826589595376
2025-10-01,FAC_184,Turkana,Level 4,519,420,284,238,198,201,False,False,100,0,2,32.38095238095238,45.857418111753375,83.19327731092437,38.72832369942196
2025-10-01,FAC_185,Turkana,Level 4,543,403,246,259,271,241,False,False,100,0,2,38.95781637717122,47.697974217311234,104.63320463320463,44.38305709023941
2025-10-01,FAC_186,Turkana,Level 4,563,352,246,208,183,171,False,False,100,0,3,30.113636363636363,36.9449378330373,87.98076923076923,30.373001776198933
2025-10-01,FAC_187,Turkana,Level 2,210,158,101,74,77,80,False,False,100,0,3,36.075949367088604,35.23809523809524,104.05405405405406,38.095238095238095
2025-10-01,FAC_188,Machakos,Level 2,178,169,72,75,61,50,False,False,100,0,2,57.396449704142015,42.13483146067416,81.33333333333333,28.08988764044944
2025-10-01,FAC_189,Homa Bay,Level 2,201,148,83,67,68,60,False,False,100,0,1,43.91891891891892,33.33333333333333,101.49253731343283,29.850746268656714
2025-10-01,FAC_190,Homa Bay,Level 3,411,336,249,220,267,213,False,True,50,1,4,25.892857142857146,53.52798053527981,121.36363636363636,51.82481751824818
2025-10-01,FAC_191,Turkana,Level 2,254,167,99,83,95,96,False,False,100,0,2,40.7185628742515,32.677165354330704,114.45783132530121,37.79527559055118
2025-10-01,FAC_192,Homa Bay,Level 3,389,264,167,136,144,123,False,False,100,0,3,36.74242424242424,34.96143958868895,105.88235294117648,31.619537275064268
2025-10-01,FAC_193,Homa Bay,Level 2,264,215,122,105,82,80,False,False,100,0,0,43.25581395348837,39.77272727272727,78.0952380952381,30.303030303030305
2025-10-01,FAC_194,Turkana,Level 2,285,213,141,96,121,107,False,True,50,1,3,33.80281690140845,33.68421052631579,126.04166666666667,37.54385964912281
2025-10-01,FAC_195,Homa Bay,Level 2,255,159,98,77,73,76,False,False,100,0,1,38.36477987421384,30.19607843137255,94.8051948051948,29.80392156862745
2025-10-01,FAC_197,Nairobi,Level 3,321,259,167,170,139,120,False,False,100,0,1,35.521235521235525,52.95950155763239,81.76470588235294,37.38317757009346
2025-10-01,FAC_198,Nairobi,Level 2,182,189,89,96,104,108,False,False,100,0,4,52.910052910052904,52.74725274725275,108.33333333333333,59.34065934065934
2025-10-01,FAC_199,Turkana,Level 3,315,201,225,91,112,109,True,True,0,1,6,-11.940298507462686,28.888888888888886,123.07692307692308,34.6031746031746
2025-11-01,FAC_100,Machakos,Level 4,512,433,297,300,340,282,False,False,100,0,2,31.40877598152425,58.59375,113.33333333333333,55.078125
2025-11-01,FAC_101,Kilifi,Level 2,177,145,103,98,79,64,False,False,100,0,1,28.965517241379313,55.367231638418076,80.61224489795919,36.15819209039548
2025-11-01,FAC_102,Homa Bay,Level 2,213,144,120,86,99,89,False,False,100,0,1,16.666666666666664,40.375586854460096,115.11627906976744,41.78403755868544
2025-11-01,FAC_103,Kilifi,Level 2,238,166,86,78,99,89,False,True,50,1,2,48.19277108433735,32.773109243697476,126.92307692307692,37.39495798319328
2025-11-01,FAC_104,Kilifi,Level 3,335,244,132,103,93,86,False,False,100,0,1,45.90163934426229,30.74626865671642,90.29126213592234,25.671641791044774
2025-11-01,FAC_105,Nairobi,Level 2,251,218,89,82,90,88,False,False,100,0,4,59.174311926605505,32.669322709163346,109.75609756097562,35.0597609561753
2025-11-01,FAC_106,Homa Bay,Level 4,608,468,189,135,162,130,False,False,100,0,1,59.61538461538461,22.203947368421055,120.0,21.38157894736842
2025-11-01,FAC_107,Homa Bay,Level 3,423,269,153,128,141,115,False,False,100,0,2,43.12267657992565,30.260047281323878,110.15625,27.18676122931442
2025-11-01,FAC_109,Kilifi,Level 3,383,278,197,154,152,128,False,False,100,0,2,29.136690647482016,40.2088772845953,98.7012987012987,33.420365535248045
2025-11-01,FAC_110,Machakos,Level 2,212,183,96,85,82,82,False,False,100,0,2,47.540983606557376,40.09433962264151,96.47058823529412,38.67924528301887
2025-11-01,FAC_111,Homa Bay,Level 4,477,344,191,151,107,91,False,False,100,0,4,44.47674418604651,31.656184486373167,70.86092715231787,19.07756813417191
2025-11-01,FAC_112,Kilifi,Level 3,432,318,176,137,140,120,False,False,100,0,0,44.65408805031446,31.712962962962965,102.18978102189782,27.77777777777778
2025-11-01,FAC_113,Nairobi,Level 4,568,456,249,213,215,208,False,False,100,0,1,45.39473684210527,37.5,100.93896713615023,36.61971830985916
2025-11-01,FAC_114,Machakos,Level 3,351,339,164,168,138,139,False,False,100,0,1,51.62241887905604,47.863247863247864,82.14285714285714,39.6011396011396
2025-11-01,FAC_115,Nairobi,Level 4,527,517,293,323,358,366,False,False,100,0,3,43.32688588007737,61.29032258064516,110.83591331269349,69.44971537001898
2025-11-01,FAC_116,Machakos,Level 2,235,197,127,118,99,100,False,False,100,0,1,35.53299492385787,50.212765957446805,83.89830508474576,42.5531914893617
2025-11-01,FAC_117,Kilifi,Level 4,502,358,190,154,167,152,False,False,100,0,2,46.927374301675975,30.677290836653388,108.44155844155846,30.278884462151396
2025-11-01,FAC_118,Turkana,Level 2,280,175,86,57,64,59,False,False,100,0,2,50.857142857142854,20.357142857142858,112.28070175438596,21.071428571428573
2025-11-01,FAC_119,Machakos,Level 2,265,273,140,152,190,183,False,True,50,1,3,48.717948717948715,57.35849056603774,125.0,69.0566037735849
2025-11-01,FAC_120,Nairobi,Level 2,173,150,75,79,99,81,False,True,50,1,1,50.0,45.664739884393065,125.31645569620254,46.82080924855491
2025-11-01,FAC_121,Kilifi,Level 4,568,444,265,244,176,166,False,False,100,0,1,40.31531531531532,42.95774647887324,72.1311475409836,29.225352112676056
2025-11-01,FAC_122,Machakos,Level 3,394,413,231,242,313,306,False,True,50,1,2,44.06779661016949,61.42131979695431,129.3388429752066,77.66497461928934
2025-11-01,FAC_123,Turkana,Level 2,265,216,130,113,132,123,False,False,100,0,4,39.81481481481482,42.64150943396226,116.8141592920354,46.41509433962264
2025-11-01,FAC_124,Turkana,Level 2,278,183,78,49,35,28,False,False,100,0,1,57.377049180327866,17.62589928057554,71.42857142857143,10.071942446043165
2025-11-01,FAC_125,Homa Bay,Level 3,314,205,149,110,82,81,False,False,100,0,4,27.31707317073171,35.03184713375796,74.54545454545455,25.796178343949045
2025-11-01,FAC_126,Homa Bay,Level 2,283,241,101,77,79,68,False,False,100,0,3,58.09128630705395,27.208480565371023,102.59740259740259,24.02826855123675
2025-11-01,FAC_127,Nairobi,Level 2,190,158,113,122,106,95,False,False,100,0,4,28.48101265822785,64.21052631578948,86.88524590163934,50.0
2025-11-01,FAC_128,Machakos,Level 2,214,223,157,133,132,123,False,False,100,0,1,29.596412556053814,62.149532710280376,99.24812030075188,57.476635514018696
2025-11-01,FAC_129,Machakos,Level 2,244,214,132,142,112,110,False,False,100,0,3,38.31775700934579,58.19672131147541,78.87323943661971,45.08196721311475
2025-11-01,FAC_130,Homa Bay,Level 3,407,278,144,117,90,93,False,False,100,0,0,48.201438848920866,28.746928746928745,76.92307692307693,22.85012285012285
2025-11-01,FAC_131,Machakos,Level 2,202,193,80,87,63,63,False,False,100,0,1,58.549222797927456,43.06930693069307,72.41379310344827,31.18811881188119
2025-11-01,FAC_132,Machakos,Level 2,178,179,80,81,68,62,False,False,100,0,1,55.3072625698324,45.50561797752809,83.9506172839506,34.831460674157306
2025-11-01,FAC_134,Homa Bay,Level 2,226,155,95,82,87,78,False,False,100,0,2,38.70967741935484,36.283185840707965,106.09756097560977,34.51327433628318
2025-11-01,FAC_135,Kilifi,Level 2,152,90,63,50,37,32,False,False,100,0,3,30.0,32.89473684210527,74.0,21.052631578947366
2025-11-01,FAC_136,Homa Bay,Level 2,196,145,71,60,49,42,False,False,100,0,3,51.03448275862069,30.612244897959183,81.66666666666667,21.428571428571427
2025-11-01,FAC_137,Kilifi,Level 2,274,208,155,132,144,141,False,False,100,0,2,25.48076923076923,48.175182481751825,109.09090909090908,51.45985401459854
2025-11-01,FAC_138,Turkana,Level 2,288,231,120,93,79,75,False,False,100,0,1,48.05194805194805,32.29166666666667,84.94623655913979,26.041666666666668
2025-11-01,FAC_139,Nairobi,Level 2,219,190,134,125,107,89,False,False,100,0,2,29.47368421052631,57.077625570776256,85.6,40.63926940639269
2025-11-01,FAC_140,Machakos,Level 2,270,217,88,93,117,98,False,True,50,1,2,59.44700460829493,34.44444444444444,125.80645161290323,36.2962962962963
2025-11-01,FAC_141,Turkana,Level 2,189,151,71,65,58,53,False,False,100,0,2,52.980132450331126,34.39153439153439,89.23076923076924,28.04232804232804
2025-11-01,FAC_142,Machakos,Level 2,258,233,99,87,104,104,False,False,100,0,2,57.5107296137339,33.72093023255814,119.54022988505749,40.310077519379846
2025-11-01,FAC_143,Nairobi,Level 4,605,574,372,373,428,391,False,False,100,0,2,35.19163763066202,61.65289256198348,114.74530831099197,64.62809917355372
2025-11-01,FAC_144,Nairobi,Level 3,423,394,166,176,216,207,False,True,50,1,3,57.868020304568525,41.60756501182033,122.72727272727273,48.93617021276596
2025-11-01,FAC_145,Turkana,Level 3,408,326,168,137,166,142,False,True,50,1,2,48.466257668711656,33.57843137254902,121.16788321167884,34.80392156862745
2025-11-01,FAC_147,Kilifi,Level 4,573,479,266,243,176,166,False,False,100,0,2,44.46764091858037,42.40837696335078,72.42798353909465,28.970331588132638
2025-11-01,FAC_148,Nairobi,Level 3,459,405,162,166,197,198,False,False,100,0,2,60.0,36.165577342047925,118.67469879518073,43.13725490196079
2025-11-01,FAC_149,Machakos,Level 2,197,190,117,106,98,91,False,False,100,0,4,38.421052631578945,53.80710659898477,92.45283018867924,46.192893401015226
2025-11-01,FAC_150,Machakos,Level 4,552,493,547,303,213,180,True,False,50,1,5,-10.953346855983773,54.891304347826086,70.29702970297029,32.608695652173914
2025-11-01,FAC_152,Machakos,Level 2,191,171,86,81,79,66,False,False,100,0,3,49.707602339181285,42.40837696335078,97.53086419753086,34.55497382198953
2025-11-01,FAC_153,Kilifi,Level 2,297,214,99,91,64,62,False,False,100,0,3,53.73831775700935,30.63973063973064,70.32967032967034,20.875420875420875
2025-11-01,FAC_154,Homa Bay,Level 3,349,267,159,137,136,109,False,False,100,0,0,40.44943820224719,39.25501432664756,99.27007299270073,31.23209169054441
2025-11-01,FAC_155,Turkana,Level 2,265,177,129,95,114,107,False,False,100,0,0,27.11864406779661,35.84905660377358,120.0,40.37735849056604
2025-11-01,FAC_156,Machakos,Level 2,293,299,146,150,177,159,False,False,100,0,4,51.17056856187291,51.19453924914675,118.0,54.26621160409556
2025-11-01,FAC_157,Nairobi,Level 3,307,246,107,91,85,74,False,False,100,0,2,56.50406504065041,29.64169381107492,93.4065934065934,24.104234527687296
2025-11-01,FAC_158,Machakos,Level 2,298,284,153,161,194,188,False,True,50,1,4,46.12676056338028,54.0268456375839,120.4968944099379,63.08724832214765
2025-11-01,FAC_159,Nairobi,Level 3,415,375,213,214,187,181,False,False,100,0,1,43.2,51.566265060240966,87.38317757009347,43.6144578313253
2025-11-01,FAC_161,Machakos,Level 3,409,359,256,263,212,198,False,False,100,0,1,28.690807799442897,64.30317848410758,80.6083650190114,48.41075794621027
2025-11-01,FAC_162,Kilifi,Level 2,258,193,125,105,89,72,False,False,100,0,3,35.233160621761655,40.69767441860465,84.76190476190476,27.906976744186046
2025-11-01,FAC_163,Nairobi,Level 3,420,343,163,159,178,167,False,False,100,0,3,52.47813411078717,37.857142857142854,111.9496855345912,39.76190476190476
2025-11-01,FAC_164,Nairobi,Level 2,244,203,146,141,117,118,False,False,100,0,1,28.078817733990146,57.786885245901644,82.97872340425532,48.36065573770492
2025-11-01,FAC_165,Machakos,Level 4,572,489,334,291,209,206,False,False,100,0,0,31.697341513292432,50.87412587412587,71.8213058419244,36.01398601398601
2025-11-01,FAC_166,Nairobi,Level 2,220,190,80,87,77,75,False,False,100,0,3,57.89473684210527,39.54545454545455,88.50574712643679,34.090909090909086
2025-11-01,FAC_167,Nairobi,Level 2,222,185,132,126,160,151,False,True,50,1,1,28.64864864864865,56.75675675675676,126.98412698412697,68.01801801801803
2025-11-01,FAC_168,Machakos,Level 2,163,171,84,75,85,79,False,False,100,0,1,50.877192982456144,46.012269938650306,113.33333333333333,48.466257668711656
2025-11-01,FAC_169,Machakos,Level 2,279,233,158,157,183,153,False,False,100,0,2,32.18884120171674,56.272401433691755,116.56050955414013,54.83870967741935
2025-11-01,FAC_170,Turkana,Level 3,423,281,324,129,130,112,True,False,50,1,3,-15.302491103202847,30.49645390070922,100.7751937984496,26.47754137115839
2025-11-01,FAC_171,Kilifi,Level 2,258,169,84,58,47,48,False,False,100,0,1,50.29585798816568,22.48062015503876,81.03448275862068,18.6046511627907
2025-11-01,FAC_172,Kilifi,Level 3,313,206,176,137,136,135,False,False,100,0,3,14.563106796116504,43.76996805111821,99.27007299270073,43.13099041533546
2025-11-01,FAC_173,Nairobi,Level 2,190,190,86,85,75,69,False,False,100,0,1,54.736842105263165,44.73684210526316,88.23529411764706,36.31578947368421
2025-11-01,FAC_174,Kilifi,Level 4,506,380,266,191,176,171,False,False,100,0,1,30.0,37.74703557312253,92.14659685863874,33.794466403162055
2025-11-01,FAC_175,Nairobi,Level 4,464,373,240,233,236,244,False,False,100,0,5,35.656836461126005,50.21551724137932,101.28755364806867,52.58620689655172
2025-11-01,FAC_176,Turkana,Level 2,164,114,76,54,46,39,False,False,100,0,2,33.33333333333333,32.926829268292686,85.18518518518519,23.78048780487805
2025-11-01,FAC_177,Machakos,Level 2,180,176,111,107,81,81,False,False,100,0,1,36.93181818181818,59.44444444444444,75.70093457943925,45.0
2025-11-01,FAC_178,Machakos,Level 3,348,287,212,184,234,219,False,True,50,1,2,26.132404181184672,52.87356321839081,127.17391304347827,62.93103448275862
2025-11-01,FAC_179,Machakos,Level 2,151,149,61,66,66,61,False,False,100,0,2,59.06040268456376,43.70860927152318,100.0,40.397350993377486
2025-11-01,FAC_180,Kilifi,Level 2,201,166,95,70,67,58,False,False,100,0,2,42.77108433734939,34.82587064676617,95.71428571428572,28.855721393034827
2025-11-01,FAC_181,Turkana,Level 2,196,136,59,44,52,44,False,False,100,0,3,56.61764705882353,22.448979591836736,118.18181818181819,22.448979591836736
2025-11-01,FAC_182,Kilifi,Level 4,546,463,345,299,253,255,False,False,100,0,2,25.48596112311015,54.761904761904766,84.61538461538461,46.7032967032967
2025-11-01,FAC_183,Kilifi,Level 3,333,235,111,93,101,86,False,False,100,0,3,52.76595744680851,27.927927927927925,108.6021505376344,25.825825825825827
2025-11-01,FAC_184,Turkana,Level 4,504,383,224,184,143,148,False,False,100,0,2,41.514360313315926,36.507936507936506,77.71739130434783,29.365079365079367
2025-11-01,FAC_185,Turkana,Level 4,564,382,174,152,120,101,False,False,100,0,2,54.45026178010471,26.95035460992908,78.94736842105263,17.907801418439718
2025-11-01,FAC_186,Turkana,Level 4,551,408,171,141,231,143,False,True,50,1,3,58.08823529411765,25.58983666061706,163.82978723404256,25.952813067150636
2025-11-01,FAC_187,Turkana,Level 2,214,157,107,71,51,44,False,False,100,0,3,31.84713375796178,33.177570093457945,71.83098591549296,20.5607476635514
2025-11-01,FAC_189,Homa Bay,Level 2,204,155,62,48,61,62,False,True,50,1,1,60.0,23.52941176470588,127.08333333333333,30.392156862745097
2025-11-01,FAC_190,Homa Bay,Level 3,419,315,154,118,84,87,False,False,100,0,4,51.11111111111111,28.162291169451077,71.1864406779661,20.763723150357997
2025-11-01,FAC_191,Turkana,Level 2,271,194,128,115,106,89,False,False,100,0,2,34.02061855670103,42.435424354243544,92.17391304347827,32.84132841328413
2025-11-01,FAC_192,Homa Bay,Level 3,371,254,115,74,91,92,False,True,50,1,3,54.7244094488189,19.946091644204852,122.97297297297298,24.797843665768195
2025-11-01,FAC_193,Homa Bay,Level 2,283,194,104,91,70,65,False,False,100,0,0,46.391752577319586,32.15547703180212,76.92307692307693,22.968197879858657
2025-11-01,FAC_194,Turkana,Level 2,284,195,135,105,106,108,False,False,100,0,3,30.76923076923077,36.971830985915496,100.95238095238095,38.028169014084504
2025-11-01,FAC_195,Homa Bay,Level 2,253,173,77,59,76,62,False,True,50,1,1,55.49132947976878,23.3201581027668,128.81355932203388,24.50592885375494
2025-11-01,FAC_196,Kilifi,Level 3,340,262,122,86,106,86,False,True,50,1,3,53.43511450381679,25.294117647058822,123.25581395348837,25.294117647058822
2025-11-01,FAC_197,Nairobi,Level 3,322,325,217,194,192,162,False,False,100,0,1,33.23076923076923,60.24844720496895,98.96907216494846,50.31055900621118
2025-11-01,FAC_198,Nairobi,Level 2,167,144,89,77,98,100,False,True,50,1,4,38.19444444444444,46.10778443113773,127.27272727272727,59.88023952095808
2025-12-01,FAC_100,Machakos,Level 4,511,471,315,340,390,364,False,False,100,0,2,33.12101910828025,66.53620352250489,114.70588235294117,71.23287671232876
2025-12-01,FAC_101,Kilifi,Level 2,181,163,79,69,58,50,False,False,100,0,1,51.533742331288344,38.12154696132597,84.05797101449275,27.624309392265197
2025-12-01,FAC_102,Homa Bay,Level 2,205,168,84,85,77,80,False,False,100,0,1,50.0,41.46341463414634,90.58823529411765,39.02439024390244
2025-12-01,FAC_103,Kilifi,Level 2,235,220,145,125,99,90,False,False,100,0,2,34.090909090909086,53.191489361702125,79.2,38.297872340425535
2025-12-01,FAC_104,Kilifi,Level 3,333,330,144,152,174,171,False,False,100,0,1,56.36363636363636,45.645645645645644,114.4736842105263,51.35135135135135
2025-12-01,FAC_105,Nairobi,Level 2,261,247,291,86,62,55,True,False,50,1,4,-17.813765182186234,32.95019157088122,72.09302325581395,21.0727969348659
2025-12-01,FAC_106,Homa Bay,Level 4,587,473,337,333,405,420,False,True,50,1,1,28.752642706131077,56.72913117546848,121.62162162162163,71.55025553662692
2025-12-01,FAC_107,Homa Bay,Level 3,436,450,186,374,344,330,False,False,100,0,2,58.666666666666664,85.77981651376146,91.97860962566845,75.68807339449542
2025-12-01,FAC_108,Homa Bay,Level 2,290,297,171,189,216,224,False,False,100,0,2,42.42424242424242,65.17241379310344,114.28571428571428,77.24137931034483
2025-12-01,FAC_109,Kilifi,Level 3,379,365,192,170,130,110,False,False,100,0,2,47.397260273972606,44.854881266490764,76.47058823529412,29.023746701846964
2025-12-01,FAC_110,Machakos,Level 2,204,163,109,97,110,99,False,False,100,0,2,33.12883435582822,47.549019607843135,113.4020618556701,48.529411764705884
2025-12-01,FAC_111,Homa Bay,Level 4,513,416,306,313,388,311,False,True,50,1,4,26.442307692307693,61.01364522417154,123.96166134185303,60.62378167641326
2025-12-01,FAC_112,Kilifi,Level 3,419,341,211,218,180,159,False,False,100,0,0,38.12316715542522,52.02863961813843,82.56880733944955,37.94749403341289
2025-12-01,FAC_113,Nairobi,Level 4,578,501,231,210,226,212,False,False,100,0,1,53.89221556886228,36.332179930795846,107.61904761904762,36.67820069204152
2025-12-01,FAC_114,Machakos,Level 3,336,345,220,242,220,179,False,False,100,0,1,36.231884057971016,72.02380952380952,90.9090909090909,53.273809523809526
2025-12-01,FAC_115,Nairobi,Level 4,532,529,267,276,278,324,False,False,100,0,3,49.52741020793951,51.8796992481203,100.72463768115942,60.902255639097746
2025-12-01,FAC_116,Machakos,Level 2,229,190,136,122,88,76,False,False,100,0,1,28.421052631578945,53.275109170305676,72.1311475409836,33.18777292576419
2025-12-01,FAC_117,Kilifi,Level 4,471,427,310,303,230,212,False,False,100,0,2,27.400468384074944,64.3312101910828,75.9075907590759,45.010615711252655
2025-12-01,FAC_118,Turkana,Level 2,292,234,145,136,148,149,False,False,100,0,2,38.034188034188034,46.57534246575342,108.8235294117647,51.02739726027398
2025-12-01,FAC_119,Machakos,Level 2,256,239,262,155,140,135,True,False,50,1,3,-9.623430962343097,60.546875,90.32258064516128,52.734375
2025-12-01,FAC_121,Kilifi,Level 4,568,538,398,407,285,292,False,False,100,0,1,26.022304832713754,71.65492957746478,70.02457002457002,51.40845070422535
2025-12-01,FAC_122,Machakos,Level 3,387,312,214,203,172,163,False,False,100,0,2,31.41025641025641,52.4547803617571,84.72906403940887,42.11886304909561
2025-12-01,FAC_123,Turkana,Level 2,288,268,178,186,157,159,False,False,100,0,4,33.582089552238806,64.58333333333334,84.40860215053763,55.208333333333336
2025-12-01,FAC_124,Turkana,Level 2,277,226,102,114,123,105,False,False,100,0,1,54.86725663716814,41.15523465703971,107.89473684210526,37.90613718411552
2025-12-01,FAC_125,Homa Bay,Level 3,305,261,187,171,207,178,False,True,50,1,4,28.35249042145594,56.0655737704918,121.05263157894737,58.36065573770492
2025-12-01,FAC_126,Homa Bay,Level 2,283,250,283,114,99,86,True,False,50,1,3,-13.200000000000001,40.282685512367486,86.8421052631579,30.3886925795053
2025-12-01,FAC_127,Nairobi,Level 2,206,202,210,111,126,121,True,False,50,1,4,-3.9603960396039604,53.883495145631066,113.51351351351352,58.7378640776699
2025-12-01,FAC_128,Machakos,Level 2,215,172,194,114,89,88,True,False,50,1,1,-12.790697674418606,53.02325581395348,78.0701754385965,40.93023255813954
2025-12-01,FAC_129,Machakos,Level 2,249,256,132,130,103,97,False,False,100,0,3,48.4375,52.208835341365464,79.23076923076923,38.95582329317269
2025-12-01,FAC_130,Homa Bay,Level 3,412,403,274,242,232,234,False,False,100,0,0,32.00992555831266,58.7378640776699,95.86776859504133,56.79611650485437
2025-12-01,FAC_131,Machakos,Level 2,210,189,119,127,162,142,False,True,50,1,1,37.03703703703704,60.476190476190474,127.55905511811024,67.61904761904762
2025-12-01,FAC_132,Machakos,Level 2,182,179,130,132,112,93,False,False,100,0,1,27.37430167597765,72.52747252747253,84.84848484848484,51.098901098901095
2025-12-01,FAC_133,Turkana,Level 2,260,216,107,119,133,135,False,False,100,0,2,50.46296296296296,45.76923076923077,111.76470588235294,51.92307692307693
2025-12-01,FAC_134,Homa Bay,Level 2,218,213,111,114,109,113,False,False,100,0,2,47.88732394366197,52.293577981651374,95.6140350877193,51.8348623853211
2025-12-01,FAC_135,Kilifi,Level 2,158,143,88,94,80,72,False,False,100,0,3,38.46153846153847,59.49367088607595,85.1063829787234,45.56962025316456
2025-12-01,FAC_136,Homa Bay,Level 2,209,169,117,116,143,144,False,True,50,1,3,30.76923076923077,55.50239234449761,123.27586206896552,68.89952153110048
2025-12-01,FAC_137,Kilifi,Level 2,286,277,119,121,127,110,False,False,100,0,2,57.03971119133574,42.30769230769231,104.95867768595042,38.46153846153847
2025-12-01,FAC_138,Turkana,Level 2,277,269,115,118,131,116,False,False,100,0,1,57.249070631970255,42.59927797833935,111.01694915254237,41.87725631768953
2025-12-01,FAC_139,Nairobi,Level 2,208,216,134,131,117,119,False,False,100,0,2,37.96296296296296,62.980769230769226,89.31297709923665,57.21153846153846
2025-12-01,FAC_140,Machakos,Level 2,284,272,161,157,181,162,False,False,100,0,2,40.80882352941176,55.28169014084507,115.28662420382165,57.04225352112676
2025-12-01,FAC_141,Turkana,Level 2,187,169,105,96,94,88,False,False,100,0,2,37.8698224852071,51.33689839572193,97.91666666666666,47.05882352941176
2025-12-01,FAC_142,Machakos,Level 2,262,227,164,152,165,167,False,False,100,0,2,27.75330396475771,58.01526717557252,108.55263157894737,63.74045801526718
2025-12-01,FAC_143,Nairobi,Level 4,606,566,270,309,361,340,False,False,100,0,2,52.29681978798587,50.99009900990099,116.8284789644013,56.10561056105611
2025-12-01,FAC_144,Nairobi,Level 3,423,395,280,258,269,278,False,False,100,0,3,29.11392405063291,60.99290780141844,104.26356589147288,65.72104018912529
2025-12-01,FAC_146,Nairobi,Level 2,233,206,151,133,129,125,False,False,100,0,2,26.699029126213592,57.08154506437768,96.99248120300751,53.648068669527895
2025-12-01,FAC_147,Kilifi,Level 4,618,549,265,239,239,228,False,False,100,0,2,51.73041894353369,38.673139158576056,100.0,36.89320388349515
2025-12-01,FAC_148,Nairobi,Level 3,441,371,197,214,269,242,False,True,50,1,2,46.900269541778975,48.52607709750567,125.70093457943925,54.87528344671202
2025-12-01,FAC_149,Machakos,Level 2,205,182,94,96,122,103,False,True,50,1,4,48.35164835164835,46.82926829268293,127.08333333333333,50.24390243902439
2025-12-01,FAC_150,Machakos,Level 4,568,486,254,257,294,260,False,False,100,0,5,47.73662551440329,45.24647887323944,114.39688715953307,45.774647887323944
2025-12-01,FAC_151,Machakos,Level 2,252,220,228,149,154,150,True,False,50,1,3,-3.6363636363636362,59.12698412698413,103.35570469798658,59.523809523809526
2025-12-01,FAC_152,Machakos,Level 2,191,163,84,79,71,62,False,False,100,0,3,48.466257668711656,41.361256544502616,89.87341772151899,32.460732984293195
2025-12-01,FAC_153,Kilifi,Level 2,281,248,150,167,197,183,False,False,100,0,3,39.516129032258064,59.430604982206404,117.96407185628743,65.12455516014235
2025-12-01,FAC_154,Homa Bay,Level 3,373,310,186,212,211,195,False,False,100,0,0,40.0,56.83646112600537,99.52830188679245,52.27882037533512
2025-12-01,FAC_155,Turkana,Level 2,278,239,123,123,125,130,False,False,100,0,0,48.53556485355649,44.24460431654676,101.62601626016261,46.76258992805755
2025-12-01,FAC_156,Machakos,Level 2,296,256,115,106,132,109,False,True,50,1,4,55.078125,35.810810810810814,124.52830188679245,36.82432432432432
2025-12-01,FAC_157,Nairobi,Level 3,320,306,222,194,233,236,False,True,50,1,2,27.450980392156865,60.62499999999999,120.10309278350515,73.75
2025-12-01,FAC_158,Machakos,Level 2,287,296,150,158,138,138,False,False,100,0,4,49.32432432432432,55.052264808362374,87.34177215189874,48.08362369337979
2025-12-01,FAC_159,Nairobi,Level 3,433,396,196,193,202,175,False,False,100,0,1,50.505050505050505,44.57274826789838,104.66321243523315,40.415704387990765
2025-12-01,FAC_160,Nairobi,Level 4,478,484,311,342,264,265,False,False,100,0,0,35.74380165289256,71.54811715481172,77.19298245614034,55.43933054393305
2025-12-01,FAC_161,Machakos,Level 3,395,353,206,192,163,145,False,False,100,0,1,41.64305949008499,48.60759493670886,84.89583333333334,36.708860759493675
2025-12-01,FAC_162,Kilifi,Level 2,251,204,93,101,93,86,False,False,100,0,3,54.41176470588235,40.23904382470119,92.07920792079209,34.26294820717131
2025-12-01,FAC_163,Nairobi,Level 3,392,343,220,192,137,139,False,False,100,0,3,35.8600583090379,48.97959183673469,71.35416666666666,35.45918367346938
2025-12-01,FAC_164,Nairobi,Level 2,245,206,90,86,64,65,False,False,100,0,1,56.310679611650485,35.10204081632653,74.4186046511628,26.53061224489796
2025-12-01,FAC_165,Machakos,Level 4,613,508,337,331,377,317,False,False,100,0,0,33.661417322834644,53.996737357259384,113.89728096676737,51.71288743882545
2025-12-01,FAC_166,Nairobi,Level 2,220,185,81,92,94,86,False,False,100,0,3,56.21621621621622,41.81818181818181,102.17391304347827,39.09090909090909
2025-12-01,FAC_167,Nairobi,Level 2,213,190,115,106,86,69,False,False,100,0,1,39.473684210526315,49.76525821596244,81.13207547169812,32.3943661971831
2025-12-01,FAC_168,Machakos,Level 2,166,159,71,76,60,59,False,False,100,0,1,55.34591194968554,45.78313253012048,78.94736842105263,35.54216867469879
2025-12-01,FAC_169,Machakos,Level 2,290,246,169,157,122,112,False,False,100,0,2,31.300813008130078,54.137931034482754,77.70700636942675,38.62068965517241
2025-12-01,FAC_170,Turkana,Level 3,457,396,280,316,308,305,False,False,100,0,3,29.292929292929294,69.14660831509846,97.46835443037975,66.73960612691467
2025-12-01,FAC_172,Kilifi,Level 3,310,317,133,141,101,91,False,False,100,0,3,58.0441640378549,45.483870967741936,71.63120567375887,29.354838709677416
2025-12-01,FAC_173,Nairobi,Level 2,193,170,73,73,54,54,False,False,100,0,1,57.05882352941176,37.82383419689119,73.97260273972603,27.979274611398964
2025-12-01,FAC_174,Kilifi,Level 4,508,496,353,354,238,434,False,False,100,0,1,28.830645161290324,69.68503937007874,67.2316384180791,85.43307086614173
2025-12-01,FAC_175,Nairobi,Level 4,461,373,170,155,136,141,False,False,100,0,5,54.42359249329759,33.622559652928416,87.74193548387098,30.585683297180044
2025-12-01,FAC_176,Turkana,Level 2,173,170,107,104,125,120,False,True,50,1,2,37.05882352941177,60.115606936416185,120.1923076923077,69.36416184971098
2025-12-01,FAC_177,Machakos,Level 2,181,147,93,100,87,75,False,False,100,0,1,36.734693877551024,55.24861878453039,87.0,41.43646408839779
2025-12-01,FAC_178,Machakos,Level 3,360,302,196,223,196,193,False,False,100,0,2,35.099337748344375,61.94444444444444,87.89237668161435,53.61111111111111
2025-12-01,FAC_179,Machakos,Level 2,148,131,87,76,72,68,False,False,100,0,2,33.587786259541986,51.35135135135135,94.73684210526315,45.94594594594595
2025-12-01,FAC_180,Kilifi,Level 2,190,163,79,71,83,75,False,False,100,0,2,51.533742331288344,37.368421052631575,116.90140845070422,39.473684210526315
2025-12-01,FAC_181,Turkana,Level 2,202,193,134,117,125,113,False,False,100,0,3,30.569948186528496,57.920792079207914,106.83760683760684,55.940594059405946
2025-12-01,FAC_182,Kilifi,Level 4,554,447,330,373,342,319,False,False,100,0,2,26.174496644295303,67.32851985559567,91.68900804289544,57.5812274368231
2025-12-01,FAC_183,Kilifi,Level 3,332,312,211,219,262,255,False,False,100,0,3,32.371794871794876,65.96385542168674,119.63470319634703,76.80722891566265
2025-12-01,FAC_185,Turkana,Level 4,563,552,246,351,345,316,False,False,100,0,2,55.434782608695656,62.34458259325044,98.29059829059828,56.12788632326821
2025-12-01,FAC_186,Turkana,Level 4,586,509,228,241,169,155,False,False,100,0,3,55.20628683693517,41.12627986348123,70.12448132780082,26.450511945392492
2025-12-01,FAC_187,Turkana,Level 2,225,204,127,121,116,94,False,False,100,0,3,37.745098039215684,53.77777777777778,95.86776859504133,41.77777777777778
2025-12-01,FAC_188,Machakos,Level 2,173,162,111,116,117,96,False,False,100,0,2,31.48148148148148,67.05202312138728,100.86206896551724,55.49132947976878
2025-12-01,FAC_190,Homa Bay,Level 3,392,323,176,187,230,219,False,True,50,1,4,45.51083591331269,47.704081632653065,122.99465240641712,55.86734693877551
2025-12-01,FAC_191,Turkana,Level 2,264,227,149,140,112,92,False,False,100,0,2,34.36123348017621,53.03030303030303,80.0,34.84848484848485
2025-12-01,FAC_192,Homa Bay,Level 3,398,377,219,239,265,241,False,False,100,0,3,41.90981432360743,60.050251256281406,110.8786610878661,60.55276381909548
2025-12-01,FAC_193,Homa Bay,Level 2,281,287,206,186,159,157,False,False,100,0,0,28.222996515679444,66.19217081850533,85.48387096774194,55.871886120996436
2025-12-01,FAC_194,Turkana,Level 2,274,228,103,88,67,67,False,False,100,0,3,54.824561403508774,32.11678832116788,76.13636363636364,24.45255474452555
2025-12-01,FAC_195,Homa Bay,Level 2,258,229,95,84,88,90,False,False,100,0,1,58.515283842794766,32.55813953488372,104.76190476190477,34.883720930232556
2025-12-01,FAC_196,Kilifi,Level 3,346,315,153,170,157,158,False,False,100,0,3,51.42857142857142,49.13294797687861,92.3529411764706,45.664739884393065
2025-12-01,FAC_197,Nairobi,Level 3,344,344,217,191,199,179,False,False,100,0,1,36.91860465116279,55.52325581395349,104.18848167539268,52.03488372093024
2025-12-01,FAC_198,Nairobi,Level 2,173,139,113,62,69,62,False,False,100,0,4,18.705035971223023,35.83815028901734,111.29032258064515,35.83815028901734
